week,brand,model,inventory_units,inventory_value
Week 4,Audio Array,AA-01,488,0
Week 4,Audio Array,AA-02,1195,0
Week 4,Audio Array,AA-03,645,0
Week 4,Audio Array,AA-04,610,0
Week 4,Audio Array,AA-05,266,0
Week 4,Audio Array,AA-06,257,0
Week 4,Audio Array,AA-07,4,0
Week 4,Audio Array,AA-08,1,0
Week 4,Audio Array,AA-09,0,0
Week 4,Audio Array,AA-10,0,0
Week 4,Audio Array,AA-11,0,0
Week 4,Audio Array,AA-12,6,0
Week 4,Audio Array,AA-13,0,0
Week 4,Audio Array,AA-14,0,0
Week 4,Audio Array,AA-15,0,0
Week 4,Audio Array,AA-17,2,0
Week 4,Audio Array,AA-18,3,0
Week 4,Audio Array,AA-19,416,0
Week 4,Audio Array,AA-19BL,198,0
Week 4,Audio Array,AA-19WL,245,0
Week 4,Audio Array,AA-20,477,0
Week 4,Audio Array,AA-21,503,0
Week 4,Audio Array,AA-22,310,0
Week 4,Audio Array,AA-25,880,0
Week 4,Audio Array,AA-25M,89,0
Week 4,Audio Array,AA-26,1270,0
Week 4,Audio Array,AB-01,5,0
Week 4,Audio Array,AC-3XL,1367,0
Week 4,Audio Array,AC-6XL,997,0
Week 4,Audio Array,AH-40 SL,1162,0
Week 4,Audio Array,AH-45 BK,1088,0
Week 4,Audio Array,AH-50,4231,0
Week 4,Audio Array,AH-60 BL,641,0
Week 4,Audio Array,AH-60 RD,731,0
Week 4,Audio Array,AI-02,7,0
Week 4,Audio Array,AI-02 2X2| METALLIC RED,0,0
Week 4,Audio Array,AI-02BK,0,0
Week 4,Audio Array,AI-03,346,0
Week 4,Audio Array,AI-04,20,0
Week 4,Audio Array,AI-04 BLACK,1,0
Week 4,Audio Array,AI-04 RED,3540,0
Week 4,Audio Array,AI-04BK,0,0
Week 4,Audio Array,AI-05,0,0
Week 4,Audio Array,AI-06,139,0
Week 4,Audio Array,AI-08,1,0
Week 4,Audio Array,AI-09,3,0
Week 4,Audio Array,AI-10,1871,0
Week 4,Audio Array,AI-11,462,0
Week 4,Audio Array,AI-12,360,0
Week 4,Audio Array,AI-13,498,0
Week 4,Audio Array,AI-14,49,0
Week 4,Audio Array,AK-37-B,306,0
Week 4,Audio Array,AK-37-W,108,0
Week 4,Audio Array,AK-61 NEO,102,0
Week 4,Audio Array,AK-61 PRO,102,0
Week 4,Audio Array,AM-A1,3,0
Week 4,Audio Array,AM-C1,8463,0
Week 4,Audio Array,AM-C10,273,0
Week 4,Audio Array,AM-C11,26,0
Week 4,Audio Array,AM-C11 PRO,1001,0
Week 4,Audio Array,AM-C11X,190,0
Week 4,Audio Array,AM-C11X PRO,43,0
Week 4,Audio Array,AM-C12,3,0
Week 4,Audio Array,AM-C13,41,0
Week 4,Audio Array,AM-C14,0,0
Week 4,Audio Array,AM-C15,0,0
Week 4,Audio Array,AM-C16,0,0
Week 4,Audio Array,AM-C17,4,0
Week 4,Audio Array,AM-C18,1,0
Week 4,Audio Array,AM-C19,0,0
Week 4,Audio Array,AM-C2,71,0
Week 4,Audio Array,AM-C20,29,0
Week 4,Audio Array,AM-C21,0,0
Week 4,Audio Array,AM-C22,2,0
Week 4,Audio Array,AM-C23,6,0
Week 4,Audio Array,AM-C24,1,0
Week 4,Audio Array,AM-C25,2,0
Week 4,Audio Array,AM-C26,0,0
Week 4,Audio Array,AM-C27,26,0
Week 4,Audio Array,AM-C28,1124,0
Week 4,Audio Array,AM-C29,16,0
Week 4,Audio Array,AM-C3,140,0
Week 4,Audio Array,AM-C30,21,0
Week 4,Audio Array,AM-C31,5,0
Week 4,Audio Array,AM-C32,11,0
Week 4,Audio Array,AM-C33,13,0
Week 4,Audio Array,AM-C33/P10,40,0
Week 4,Audio Array,AM-C34,2,0
Week 4,Audio Array,AM-C35,5,0
Week 4,Audio Array,AM-C36,8,0
Week 4,Audio Array,AM-C37,14,0
Week 4,Audio Array,AM-C38,8,0
Week 4,Audio Array,AM-C39,611,0
Week 4,Audio Array,AM-C3A,1044,0
Week 4,Audio Array,AM-C4,111,0
Week 4,Audio Array,AM-C40,34,0
Week 4,Audio Array,AM-C41,315,0
Week 4,Audio Array,AM-C42,206,0
Week 4,Audio Array,AM-C43,836,0
Week 4,Audio Array,AM-C44,358,0
Week 4,Audio Array,AM-C44 PRO,43,0
Week 4,Audio Array,AM-C45,249,0
Week 4,Audio Array,AM-C45 PRO,37,0
Week 4,Audio Array,AM-C46,2914,0
Week 4,Audio Array,AM-C47,750,0
Week 4,Audio Array,AM-C48,488,0
Week 4,Audio Array,AM-C5,2548,0
Week 4,Audio Array,AM-C6,60,0
Week 4,Audio Array,AM-C7,76,0
Week 4,Audio Array,AM-C8,4,0
Week 4,Audio Array,AM-C9,1,0
Week 4,Audio Array,AM-K1,33,0
Week 4,Audio Array,AM-K2,3,0
Week 4,Audio Array,AM-K3,0,0
Week 4,Audio Array,AM-MIX10,19,0
Week 4,Audio Array,AM-MIX4,13,0
Week 4,Audio Array,AM-MIX4 OTG,6,0
Week 4,Audio Array,AM-MIX6,19,0
Week 4,Audio Array,AM-MIX8,19,0
Week 4,Audio Array,AM-PRO12,19,0
Week 4,Audio Array,AM-S1,2671,0
Week 4,Audio Array,AM-S2,2000,0
Week 4,Audio Array,AM-W10,493,0
Week 4,Audio Array,AM-W11,510,0
Week 4,Audio Array,AM-W12,682,0
Week 4,Audio Array,AM-W13,433,0
Week 4,Audio Array,AM-W14,95,0
Week 4,Audio Array,AM-W15,7,0
Week 4,Audio Array,AM-W16,302,0
Week 4,Audio Array,AM-W17,1795,0
Week 4,Audio Array,AM-W18,2442,0
Week 4,Audio Array,AM-W19,673,0
Week 4,Audio Array,AM-W20,1185,0
Week 4,Audio Array,AM-W21,66,0
Week 4,Audio Array,AM-W22,1487,0
Week 4,Audio Array,AM-W23,498,0
Week 4,Audio Array,AM-W24,498,0
Week 4,Audio Array,AM-W32,1580,0
Week 4,Audio Array,AM-W33,1059,0
Week 4,Audio Array,AM-W34,277,0
Week 4,Audio Array,AM-W35,326,0
Week 4,Audio Array,AM-W36,225,0
Week 4,Audio Array,AM-W38,0,0
Week 4,Audio Array,AM-W42,0,0
Week 4,Audio Array,AM-W44,0,0
Week 4,Audio Array,AM-W45,986,0
Week 4,Audio Array,AM-W46,30,0
Week 4,Audio Array,AM-W47 WIRED,498,0
Week 4,Audio Array,AM-W47 WIRELESS,0,0
Week 4,Audio Array,AM-W47 WIRLESS,998,0
Week 4,Audio Array,AM-W48,100,0
Week 4,Audio Array,AS-01,1,0
Week 4,Audio Array,GB-01 (AM-C43 +AI-10),25,0
Week 4,Audio Array,GB-02 (AM-C43 + AI-11),20,0
Week 4,Audio Array,GB-03 (AI-12 + AM-C43),23,0
Week 4,Audio Array,GB-04 (AM-C45 + AI-06),25,0
Week 4,Audio Array,GB-05 (AM-C43 + AI-06),46,0
Week 4,Audio Array,KB-01 (AM-W32 + AI-12),23,0
Week 4,Audio Array,M8,9,0
Week 4,Audio Array,PB-01 (AM-C11 + AI-04),20,0
Week 4,Audio Array,PB-02 (AI-04 RED + AM-C11 + AA-05),27,0
Week 4,Audio Array,PB-03 (AI-04 RED + AM-C11 X 2),2,0
Week 4,Audio Array,PB-04 (AI-04 RED + AM-C44 X 2),31,0
Week 4,Audio Array,PB-05 (AA-05 + AM-C11 + AI-04),7,0
Week 4,Audio Array,PB-06 (AA-05 + AM-C44 + AI-04),30,0
Week 4,Audio Array,PB-07 (AA-05 + AM-C45 + AI-04),26,0
Week 4,Audio Array,PB-08 (AM-C1 + AI-04),5,0
Week 4,Audio Array,PB-09 (AM-C45 + AI-06 + AA-05),22,0
Week 4,Audio Array,PB-10 (AM-C2+AI-04+AH-60-BL),17,0
Week 4,Audio Array,PB-11 (AM-C44+AA-05+AH-45-BK),13,0
Week 4,Audio Array,PB-12 (AM-C11+AA-05+AI-04+AH-60-RD),18,0
Week 4,Audio Array,PB-13 (AM-C43+AH-40-SL+AI-11),0,0
Week 4,Audio Array,PB-14 (AM-C43+AH-40-SL+AI-12),15,0
Week 4,Audio Array,SB-01,2788,0
Week 4,Audio Array,"UB-01 (AI-04, AM-S1, AA-21, AM-C2)",31,0
Week 4,Audio Array,UB-02 (AM-S1 + AA-21),19,0
Week 4,Audio Array,UB-03 (AM-S1 + AA-22),15,0
Week 4,Nexlev,AP-01,71,0
Week 4,Nexlev,AP-01 HEPA,0,0
Week 4,Nexlev,AP-02,2,0
Week 4,Nexlev,AP-03,1009,0
Week 4,Nexlev,AP-03 HEPA,0,0
Week 4,Nexlev,AP-04,500,0
Week 4,Nexlev,AP-06,1008,0
Week 4,Nexlev,BM-01,0,0
Week 4,Nexlev,BM-02,290,0
Week 4,Nexlev,BM-03,1,0
Week 4,Nexlev,BR-01,625,0
Week 4,Nexlev,CAP-05,500,0
Week 4,Nexlev,CF-01,64,0
Week 4,Nexlev,CFM-01,1881,0
Week 4,Nexlev,CFM-02,32,0
Week 4,Nexlev,CFM-03,420,0
Week 4,Nexlev,CM-01-BL,274,0
Week 4,Nexlev,CM-02-PR,1208,0
Week 4,Nexlev,CR-01,734,0
Week 4,Nexlev,DF-01-BK,6,0
Week 4,Nexlev,DH-01,198,0
Week 4,Nexlev,EA-01,1210,0
Week 4,Nexlev,EA-02,543,0
Week 4,Nexlev,EM-01,1,0
Week 4,Nexlev,EM-02,28,0
Week 4,Nexlev,ET-01-BK,1294,0
Week 4,Nexlev,ET-01-BK_N,196,0
Week 4,Nexlev,ET-02-GN,179,0
Week 4,Nexlev,ET-02-GN_N,286,0
Week 4,Nexlev,ET-03-BL,41,0
Week 4,Nexlev,ET-03-BL_N,3,0
Week 4,Nexlev,ETC-04-WH,1419,0
Week 4,Nexlev,ETC-05-PI,118,0
Week 4,Nexlev,ETC-07,2723,0
Week 4,Nexlev,ETC-07-WH,100,0
Week 4,Nexlev,ETC-08 - BLUE,1050,0
Week 4,Nexlev,ETC-08-BL,156,0
Week 4,Nexlev,ETR-06,150,0
Week 4,Nexlev,FM-01,1,0
Week 4,Nexlev,FM-02,0,0
Week 4,Nexlev,FS-01,1125,0
Week 4,Nexlev,GARMENTSTEAMER(GS-01),0,0
Week 4,Nexlev,GARMENTSTEAMER(GS-02),1072,0
Week 4,Nexlev,GS-01,0,0
Week 4,Nexlev,GS-02,501,0
Week 4,Nexlev,GS-04,29,0
Week 4,Nexlev,GS-05,1314,0
Week 4,Nexlev,GS1ML,5,0
Week 4,Nexlev,HB-01,48,0
Week 4,Nexlev,HD-01,1176,0
Week 4,Nexlev,HD-02,1021,0
Week 4,Nexlev,HM-01,694,0
Week 4,Nexlev,HM-02,122,0
Week 4,Nexlev,HS-01,374,0
Week 4,Nexlev,HS-02,100,0
Week 4,Nexlev,HSB-03,1912,0
Week 4,Nexlev,HSB-04,413,0
Week 4,Nexlev,HU-01,45,0
Week 4,Nexlev,HU-02,1068,0
Week 4,Nexlev,IPL-01,40,0
Week 4,Nexlev,KE-01,924,0
Week 4,Nexlev,KE-02,459,0
Week 4,Nexlev,KE-03,1258,0
Week 4,Nexlev,KM-01,30,0
Week 4,Nexlev,LE-01,222,0
Week 4,Nexlev,LE-02,1131,0
Week 4,Nexlev,LE-03,206,0
Week 4,Nexlev,LE-04,663,0
Week 4,Nexlev,LE-06,13,0
Week 4,Nexlev,LE-07,2,0
Week 4,Nexlev,LE-08,33,0
Week 4,Nexlev,LR-01,780,0
Week 4,Nexlev,LR-01 SET OF 2 BLADES,3,0
Week 4,Nexlev,LR-02,1165,0
Week 4,Nexlev,LR-02 SET OF 2 BLADES,1,0
Week 4,Nexlev,LR-03,3957,0
Week 4,Nexlev,MC-01,1536,0
Week 4,Nexlev,MF-01,1914,0
Week 4,Nexlev,MG-01,275,0
Week 4,Nexlev,MGC-03,111,0
Week 4,Nexlev,MGS-02,62,0
Week 4,Nexlev,MM-01,2,0
Week 4,Nexlev,MR-01,412,0
Week 4,Nexlev,MR-01 HEPA FILTER,0,0
Week 4,Nexlev,MR-02,1809,0
Week 4,Nexlev,MR-02 HEPA FILTER,0,0
Week 4,Nexlev,MR-03,504,0
Week 4,Nexlev,NP-01,444,0
Week 4,Nexlev,NP-02,624,0
Week 4,Nexlev,NP-03,537,0
Week 4,Nexlev,NP-04,0,0
Week 4,Nexlev,NP-05,42,0
Week 4,Nexlev,NP-06,125,0
Week 4,Nexlev,NP-07,310,0
Week 4,Nexlev,PB-01,873,0
Week 4,Nexlev,PM-01,24,0
Week 4,Nexlev,PM-02,53,0
Week 4,Nexlev,SC-01,2842,0
Week 4,Nexlev,SC-01 SET OF SPARES,0,0
Week 4,Nexlev,SC-02,49,0
Week 4,Nexlev,SC-02 SET OF SPARES,0,0
Week 4,Nexlev,SC-03,78,0
Week 4,Nexlev,SC-04,1402,0
Week 4,Nexlev,SC-04 SET OF 2 MOPS,0,0
Week 4,Nexlev,SC-04 SPARE SET,0,0
Week 4,Nexlev,SC-05,1773,0
Week 4,Nexlev,SC-05 SC-05 - SET OF SPARES,7,0
Week 4,Nexlev,SM-01,498,0
Week 4,Nexlev,SM-01 SET OF 2 MOPS,0,0
Week 4,Nexlev,SPC-01,500,0
Week 4,Nexlev,SPM-01,365,0
Week 4,Nexlev,SPM-01 SET OF 2 MOPS,6,0
Week 4,Nexlev,SPM-01(NEW),22,0
Week 4,Nexlev,SS-01,46,0
Week 4,Nexlev,SS-01(NEW),64,0
Week 4,Nexlev,SS-02,869,0
Week 4,Nexlev,SS-02 SET OF SPARES,10,0
Week 4,Nexlev,ST-01,573,0
Week 4,Nexlev,ST-01 ST-01 BOWL,0,0
Week 4,Nexlev,ST-01 ST-01 SET OF HOOKS,0,0
Week 4,Nexlev,ST-02,200,0
Week 4,Nexlev,ST-03,100,0
Week 4,Nexlev,SW-01,670,0
Week 4,Nexlev,T-01,113,0
Week 4,Nexlev,T-02,1211,0
Week 4,Nexlev,TI-01,71,0
Week 4,Nexlev,TI-02,798,0
Week 4,Nexlev,TIC-03,10,0
Week 4,Nexlev,TIC-04,32,0
Week 4,Nexlev,TM-01,558,0
Week 4,Nexlev,TM-02,222,0
Week 4,Nexlev,TM-03,989,0
Week 4,Nexlev,TM-04,14,0
Week 4,Nexlev,TM-05,67,0
Week 4,Nexlev,TR-01,0,0
Week 4,Nexlev,TR-02,0,0
Week 4,Nexlev,TR-03,0,0
Week 4,Nexlev,TR-04,0,0
Week 4,Nexlev,TR-05,66,0
Week 4,Nexlev,V-01,633,0
Week 4,Nexlev,V-01 RG,192,0
Week 4,Nexlev,V-01 ROSE GOLD,87,0
Week 4,Nexlev,V-01(ROSEGOLD),1112,0
Week 4,Nexlev,V-02,625,0
Week 4,Nexlev,V-03,1318,0
Week 4,Nexlev,VC-01,528,0
Week 4,Nexlev,VC-01 HEPA,0,0
Week 4,Nexlev,VC-02,1004,0
Week 4,Nexlev,VC-02 HEPA,0,0
Week 4,Nexlev,VC-03,740,0
Week 4,Nexlev,VC-03 HEPA,0,0
Week 4,Nexlev,VC-04,434,0
Week 4,Nexlev,VC-04 HEPA,0,0
Week 4,Nexlev,VC-05,660,0
Week 4,Nexlev,"VC-05 VC-05 -SET OF SPARES(CREVICE, BRUSH & HOSE)",0,0
Week 4,Nexlev,VC-06,545,0
Week 4,Nexlev,WF-02-BL,29,0
Week 4,Tonor,D2,0,0
Week 4,Tonor,D5,2,0
Week 4,Tonor,G11,56,0
Week 4,Tonor,K1,208,0
Week 4,Tonor,K20,0,0
Week 4,Tonor,K9,0,0
Week 4,Tonor,ORCA001,17,0
Week 4,Tonor,Q9,0,0
Week 4,Tonor,S20,81,0
Week 4,Tonor,T10,12,0
Week 4,Tonor,T20,70,0
Week 4,Tonor,T20LP,74,0
Week 4,Tonor,T30,26,0
Week 4,Tonor,T90,10,0
Week 4,Tonor,TC-2030,17,0
Week 4,Tonor,TC-777,474,0
Week 4,Tonor,TC-777 PRO,560,0
Week 4,Tonor,TC20,10,0
Week 4,Tonor,TC30,398,0
Week 4,Tonor,TC30+,0,0
Week 4,Tonor,TC30S,52,0
Week 4,Tonor,TC30S+,20,0
Week 4,Tonor,TC310,70,0
Week 4,Tonor,TC310+,239,0
Week 4,Tonor,TC40,29,0
Week 4,Tonor,TC40S,86,0
Week 4,Tonor,TD310,14,0
Week 4,Tonor,TD310+,296,0
Week 4,Tonor,TD510,71,0
Week 4,Tonor,TD510+,5,0
Week 4,Tonor,TM20,29,0
Week 4,Tonor,TM310,65,0
Week 4,Tonor,TRL-20,17,0
Week 4,White Mulberry,6021-3081-BB,0,0
Week 4,White Mulberry,6023-1168,0,0
Week 4,White Mulberry,6023-210-SIOC,0,0
Week 4,White Mulberry,6023-4139-CB,0,0
Week 4,White Mulberry,6023-7664-SIOC,0,0
Week 4,White Mulberry,6023-8709-SIOC,0,0
Week 4,White Mulberry,6054-2364,0,0
Week 4,White Mulberry,6060-430,0,0
Week 4,White Mulberry,6070--1723,0,0
Week 4,White Mulberry,6070-3436,0,0
Week 4,White Mulberry,6320-150-SIOC,0,0
Week 4,White Mulberry,6486-1746-WHT,0,0
Week 4,White Mulberry,6705-3871-BLK-BB,0,0
Week 4,White Mulberry,6705-3945,0,0
Week 4,White Mulberry,6779-4414-SIOC,0,0
Week 4,White Mulberry,6779-4892,0,0
Week 4,White Mulberry,6780-3139-WHT-SIOC,0,0
Week 4,White Mulberry,6780-4679-WHT-SIOC,1,0
Week 4,White Mulberry,6822-150-SIOC,0,0
Week 4,White Mulberry,6822-167-SIOC,0,0
Week 4,White Mulberry,HD1ML,17,0
Week 4,White Mulberry,HDGS1ML,1,0
Week 4,White Mulberry,HDMSP1ML,4,0
Week 4,White Mulberry,HDWF1ML,354,0
Week 4,White Mulberry,MONITOR BRACKET,64,0
Week 4,White Mulberry,MS1ML,187,0
Week 4,White Mulberry,MS2ML,12,0
Week 4,White Mulberry,POS BRACKET,20,0
Week 4,White Mulberry,POS2M,1,0
Week 4,White Mulberry,POS2MK,20,0
Week 4,White Mulberry,POSS-01,25,0
Week 4,White Mulberry,TV BRACKET,2350,0
Week 4,White Mulberry,TVCF1ML,105,0
Week 4,White Mulberry,TVCT1ML,159,0
Week 4,White Mulberry,TVFM1ML,90,0
Week 4,White Mulberry,TVMF1ML,4,0
Week 4,White Mulberry,VLMS1ML,403,0
Week 4,White Mulberry,"WHITEMULBERRYGAMINGDESK(CUPHOLDER,HEADPHONEHOLDER,CARBON",1,0
Week 4,White Mulberry,WM-CT03MA-100,0,0
Week 4,White Mulberry,WM-CT03MA-120,0,0
Week 4,White Mulberry,WM-CT03OA-100,0,0
Week 4,White Mulberry,WM-CT03OA-120,0,0
Week 4,White Mulberry,WM-DT02-BK,0,0
Week 4,White Mulberry,WM-GD07-CB,275,0
Week 4,White Mulberry,WM-GS1M-BK,140,0
Week 4,White Mulberry,WM-GS2M-BK,4,0
Week 4,White Mulberry,WM-HA1M-BK,779,0
Week 4,White Mulberry,WM-HA2M-BK,23,0
Week 4,White Mulberry,WM-LOD-BK,41,0
Week 4,White Mulberry,WM-LOD-CF,163,0
Week 4,White Mulberry,WM-LOD-IN,15,0
Week 4,White Mulberry,WM-LOD-WH,94,0
Week 4,White Mulberry,WM-LODJ-BK,0,0
Week 4,White Mulberry,WM-LODJ-CF,0,0
Week 4,White Mulberry,WM-LODJ-IN,0,0
Week 4,White Mulberry,WM-LODN-BK,2,0
Week 4,White Mulberry,WM-LODN-WH,6,0
Week 4,White Mulberry,WM-LWS-CF,0,0
Week 4,White Mulberry,WM-LWS-GR,0,0
Week 4,White Mulberry,WM-MD09-BK,0,0
Week 4,White Mulberry,WM-MDL-BK,54,0
Week 4,White Mulberry,WM-MDL-WH,54,0
Week 4,White Mulberry,WM-MH03-BK,0,0
Week 4,White Mulberry,WM-MH05P-BK,9,0
Week 4,White Mulberry,WM-MH05P-CF,1,0
Week 4,White Mulberry,WM-MH05P-WH,5,0
Week 4,White Mulberry,WM-MODL-BBW,7,0
Week 4,White Mulberry,WM-MODL-BK,4,0
Week 4,White Mulberry,WM-MODL-WH,117,0
Week 4,White Mulberry,WM-OD-CL,0,0
Week 4,White Mulberry,WM-SE08-BK,5,0
Week 4,White Mulberry,WM-SE08-CF,126,0
Week 4,White Mulberry,WM-SE08-WD,0,0
Week 4,White Mulberry,WM-SE08-WH,63,0
Week 4,White Mulberry,WM-SEH04P-BK,0,0
Week 4,White Mulberry,WM-SEH04P-CF,11,0
Week 4,White Mulberry,WM-SEH04P-WH,0,0
Week 4,White Mulberry,WM-SEH05P-BK,0,0
Week 4,White Mulberry,WM-SEH05P-CF,0,0
Week 4,White Mulberry,WM-SEH05P-WH,0,0
Week 4,White Mulberry,WM-SEH05R-BK,0,0
Week 4,White Mulberry,WM-SEH05R-WH,0,0
Week 4,White Mulberry,WM-SMD09-WH,15,0
Week 4,White Mulberry,WM-SWZ0021-BK,0,0
Week 4,White Mulberry,WM-USE06-BK,3,0
Week 4,White Mulberry,WM-USE06-WB,0,0
Week 4,White Mulberry,WM-USE06-WH,2,0
Week 4,White Mulberry,WM-USE06-WW,0,0
Week 4,White Mulberry,WM1ML,14,0
Week 5,Audio Array,AA-01,469,0
Week 5,Audio Array,AA-02,1187,0
Week 5,Audio Array,AA-03,640,0
Week 5,Audio Array,AA-04,602,0
Week 5,Audio Array,AA-05,313,0
Week 5,Audio Array,AA-06,253,0
Week 5,Audio Array,AA-07,3,0
Week 5,Audio Array,AA-08,1,0
Week 5,Audio Array,AA-09,0,0
Week 5,Audio Array,AA-10,0,0
Week 5,Audio Array,AA-11,0,0
Week 5,Audio Array,AA-12,6,0
Week 5,Audio Array,AA-13,0,0
Week 5,Audio Array,AA-14,0,0
Week 5,Audio Array,AA-15,0,0
Week 5,Audio Array,AA-17,1,0
Week 5,Audio Array,AA-18,3,0
Week 5,Audio Array,AA-19,472,0
Week 5,Audio Array,AA-19BL,184,0
Week 5,Audio Array,AA-19WL,245,0
Week 5,Audio Array,AA-20,475,0
Week 5,Audio Array,AA-21,504,0
Week 5,Audio Array,AA-22,313,0
Week 5,Audio Array,AA-25,862,0
Week 5,Audio Array,AA-25M,76,0
Week 5,Audio Array,AA-26,1202,0
Week 5,Audio Array,AB-01,5,0
Week 5,Audio Array,AC-3XL,1370,0
Week 5,Audio Array,AC-6XL,819,0
Week 5,Audio Array,AH-40 SL,1077,0
Week 5,Audio Array,AH-45 BK,1021,0
Week 5,Audio Array,AH-50,3877,0
Week 5,Audio Array,AH-60 BL,575,0
Week 5,Audio Array,AH-60 RD,674,0
Week 5,Audio Array,AI-02,7,0
Week 5,Audio Array,AI-02 2X2| METALLIC RED,0,0
Week 5,Audio Array,AI-02BK,0,0
Week 5,Audio Array,AI-03,337,0
Week 5,Audio Array,AI-04,19,0
Week 5,Audio Array,AI-04 BLACK,1,0
Week 5,Audio Array,AI-04 RED,3538,0
Week 5,Audio Array,AI-04BK,0,0
Week 5,Audio Array,AI-05,0,0
Week 5,Audio Array,AI-06,112,0
Week 5,Audio Array,AI-08,1,0
Week 5,Audio Array,AI-09,3,0
Week 5,Audio Array,AI-10,1793,0
Week 5,Audio Array,AI-11,445,0
Week 5,Audio Array,AI-12,396,0
Week 5,Audio Array,AI-13,446,0
Week 5,Audio Array,AI-14,48,0
Week 5,Audio Array,AK-37-B,306,0
Week 5,Audio Array,AK-37-W,108,0
Week 5,Audio Array,AK-61 NEO,102,0
Week 5,Audio Array,AK-61 PRO,102,0
Week 5,Audio Array,AM-A1,3,0
Week 5,Audio Array,AM-C1,8457,0
Week 5,Audio Array,AM-C10,241,0
Week 5,Audio Array,AM-C11,18,0
Week 5,Audio Array,AM-C11 PRO,1003,0
Week 5,Audio Array,AM-C11X,187,0
Week 5,Audio Array,AM-C11X PRO,41,0
Week 5,Audio Array,AM-C12,3,0
Week 5,Audio Array,AM-C13,39,0
Week 5,Audio Array,AM-C14,0,0
Week 5,Audio Array,AM-C15,0,0
Week 5,Audio Array,AM-C16,0,0
Week 5,Audio Array,AM-C17,4,0
Week 5,Audio Array,AM-C18,0,0
Week 5,Audio Array,AM-C19,0,0
Week 5,Audio Array,AM-C2,53,0
Week 5,Audio Array,AM-C20,25,0
Week 5,Audio Array,AM-C21,0,0
Week 5,Audio Array,AM-C22,3,0
Week 5,Audio Array,AM-C23,6,0
Week 5,Audio Array,AM-C24,1,0
Week 5,Audio Array,AM-C25,3,0
Week 5,Audio Array,AM-C26,0,0
Week 5,Audio Array,AM-C27,25,0
Week 5,Audio Array,AM-C28,1032,0
Week 5,Audio Array,AM-C29,16,0
Week 5,Audio Array,AM-C3,132,0
Week 5,Audio Array,AM-C30,20,0
Week 5,Audio Array,AM-C31,5,0
Week 5,Audio Array,AM-C32,11,0
Week 5,Audio Array,AM-C33,12,0
Week 5,Audio Array,AM-C33/P10,39,0
Week 5,Audio Array,AM-C34,2,0
Week 5,Audio Array,AM-C35,5,0
Week 5,Audio Array,AM-C36,8,0
Week 5,Audio Array,AM-C37,14,0
Week 5,Audio Array,AM-C38,8,0
Week 5,Audio Array,AM-C39,606,0
Week 5,Audio Array,AM-C3A,1031,0
Week 5,Audio Array,AM-C4,83,0
Week 5,Audio Array,AM-C40,30,0
Week 5,Audio Array,AM-C41,300,0
Week 5,Audio Array,AM-C42,198,0
Week 5,Audio Array,AM-C43,831,0
Week 5,Audio Array,AM-C44,307,0
Week 5,Audio Array,AM-C44 PRO,44,0
Week 5,Audio Array,AM-C45,210,0
Week 5,Audio Array,AM-C45 PRO,35,0
Week 5,Audio Array,AM-C46,2824,0
Week 5,Audio Array,AM-C47,716,0
Week 5,Audio Array,AM-C48,485,0
Week 5,Audio Array,AM-C5,2496,0
Week 5,Audio Array,AM-C6,43,0
Week 5,Audio Array,AM-C7,72,0
Week 5,Audio Array,AM-C8,1,0
Week 5,Audio Array,AM-C9,1,0
Week 5,Audio Array,AM-K1,33,0
Week 5,Audio Array,AM-K2,3,0
Week 5,Audio Array,AM-K3,0,0
Week 5,Audio Array,AM-MIX10,6,0
Week 5,Audio Array,AM-MIX4,0,0
Week 5,Audio Array,AM-MIX4 OTG,8,0
Week 5,Audio Array,AM-MIX6,8,0
Week 5,Audio Array,AM-MIX8,17,0
Week 5,Audio Array,AM-PRO12,17,0
Week 5,Audio Array,AM-S1,2574,0
Week 5,Audio Array,AM-S2,2000,0
Week 5,Audio Array,AM-W10,490,0
Week 5,Audio Array,AM-W11,506,0
Week 5,Audio Array,AM-W12,635,0
Week 5,Audio Array,AM-W13,364,0
Week 5,Audio Array,AM-W14,89,0
Week 5,Audio Array,AM-W15,7,0
Week 5,Audio Array,AM-W16,294,0
Week 5,Audio Array,AM-W17,1773,0
Week 5,Audio Array,AM-W18,2411,0
Week 5,Audio Array,AM-W19,639,0
Week 5,Audio Array,AM-W20,1186,0
Week 5,Audio Array,AM-W21,49,0
Week 5,Audio Array,AM-W22,1410,0
Week 5,Audio Array,AM-W23,477,0
Week 5,Audio Array,AM-W24,488,0
Week 5,Audio Array,AM-W32,1539,0
Week 5,Audio Array,AM-W33,1278,0
Week 5,Audio Array,AM-W34,245,0
Week 5,Audio Array,AM-W35,301,0
Week 5,Audio Array,AM-W36,212,0
Week 5,Audio Array,AM-W38,0,0
Week 5,Audio Array,AM-W42,0,0
Week 5,Audio Array,AM-W44,0,0
Week 5,Audio Array,AM-W45,867,0
Week 5,Audio Array,AM-W46,25,0
Week 5,Audio Array,AM-W47 WIRED,437,0
Week 5,Audio Array,AM-W47 WIRELESS,80,0
Week 5,Audio Array,AM-W47 WIRLESS,908,0
Week 5,Audio Array,AM-W48,100,0
Week 5,Audio Array,AS-01,1,0
Week 5,Audio Array,GB-01 (AM-C43 +AI-10),25,0
Week 5,Audio Array,GB-02 (AM-C43 + AI-11),20,0
Week 5,Audio Array,GB-03 (AI-12 + AM-C43),23,0
Week 5,Audio Array,GB-04 (AM-C45 + AI-06),22,0
Week 5,Audio Array,GB-05 (AM-C43 + AI-06),49,0
Week 5,Audio Array,KB-01 (AM-W32 + AI-12),23,0
Week 5,Audio Array,M8,9,0
Week 5,Audio Array,PB-01 (AM-C11 + AI-04),20,0
Week 5,Audio Array,PB-02 (AI-04 RED + AM-C11 + AA-05),27,0
Week 5,Audio Array,PB-03 (AI-04 RED + AM-C11 X 2),2,0
Week 5,Audio Array,PB-04 (AI-04 RED + AM-C44 X 2),29,0
Week 5,Audio Array,PB-05 (AA-05 + AM-C11 + AI-04),7,0
Week 5,Audio Array,PB-06 (AA-05 + AM-C44 + AI-04),29,0
Week 5,Audio Array,PB-07 (AA-05 + AM-C45 + AI-04),23,0
Week 5,Audio Array,PB-08 (AM-C1 + AI-04),3,0
Week 5,Audio Array,PB-09 (AM-C45 + AI-06 + AA-05),23,0
Week 5,Audio Array,PB-10 (AM-C2+AI-04+AH-60-BL),6,0
Week 5,Audio Array,PB-11 (AM-C44+AA-05+AH-45-BK),13,0
Week 5,Audio Array,PB-12 (AM-C11+AA-05+AI-04+AH-60-RD),17,0
Week 5,Audio Array,PB-13 (AM-C43+AH-40-SL+AI-11),0,0
Week 5,Audio Array,PB-14 (AM-C43+AH-40-SL+AI-12),15,0
Week 5,Audio Array,SB-01,2553,0
Week 5,Audio Array,"UB-01 (AI-04, AM-S1, AA-21, AM-C2)",26,0
Week 5,Audio Array,UB-02 (AM-S1 + AA-21),19,0
Week 5,Audio Array,UB-03 (AM-S1 + AA-22),11,0
Week 5,Nexlev,AP-01,46,0
Week 5,Nexlev,AP-02,2,0
Week 5,Nexlev,AP-03,804,0
Week 5,Nexlev,AP-04,500,0
Week 5,Nexlev,AP-06,1008,0
Week 5,Nexlev,BM-01,0,0
Week 5,Nexlev,BM-02,222,0
Week 5,Nexlev,BM-03,1,0
Week 5,Nexlev,BR-01,512,0
Week 5,Nexlev,CAP-05,500,0
Week 5,Nexlev,CF-01,20,0
Week 5,Nexlev,CFM-01,959,0
Week 5,Nexlev,CFM-02,19,0
Week 5,Nexlev,CFM-03,258,0
Week 5,Nexlev,CM-01-BL,240,0
Week 5,Nexlev,CM-02-PR,1077,0
Week 5,Nexlev,CR-01,590,0
Week 5,Nexlev,DF-01-BK,5,0
Week 5,Nexlev,DH-01,198,0
Week 5,Nexlev,EA-01,959,0
Week 5,Nexlev,EA-02,540,0
Week 5,Nexlev,EM-01,1,0
Week 5,Nexlev,EM-02,25,0
Week 5,Nexlev,ET-01-BK,867,0
Week 5,Nexlev,ET-01-BK_N,63,0
Week 5,Nexlev,ET-02-GN,72,0
Week 5,Nexlev,ET-02-GN_N,53,0
Week 5,Nexlev,ET-03-BL,34,0
Week 5,Nexlev,ETC-04-WH,1258,0
Week 5,Nexlev,ETC-05-PI,55,0
Week 5,Nexlev,ETC-07,2605,0
Week 5,Nexlev,ETC-07-WH,30,0
Week 5,Nexlev,ETC-08 - BLUE,945,0
Week 5,Nexlev,ETC-08-BL,58,0
Week 5,Nexlev,ETR-06,34,0
Week 5,Nexlev,FM-01,1,0
Week 5,Nexlev,FM-02,0,0
Week 5,Nexlev,FS-01,1061,0
Week 5,Nexlev,GS-01,0,0
Week 5,Nexlev,GS-02,1060,0
Week 5,Nexlev,GS-04,19,0
Week 5,Nexlev,GS-05,1027,0
Week 5,Nexlev,HB-01,0,0
Week 5,Nexlev,HD-01,1106,0
Week 5,Nexlev,HD-02,1014,0
Week 5,Nexlev,HM-01,375,0
Week 5,Nexlev,HM-02,221,0
Week 5,Nexlev,HS-01,308,0
Week 5,Nexlev,HS-02,38,0
Week 5,Nexlev,HSB-03,1718,0
Week 5,Nexlev,HSB-04,359,0
Week 5,Nexlev,HU-01,2,0
Week 5,Nexlev,HU-02,1039,0
Week 5,Nexlev,IPL-01,39,0
Week 5,Nexlev,KE-01,463,0
Week 5,Nexlev,KE-02,253,0
Week 5,Nexlev,KE-03,1142,0
Week 5,Nexlev,KM-01,25,0
Week 5,Nexlev,LE-01,163,0
Week 5,Nexlev,LE-02,905,0
Week 5,Nexlev,LE-03,168,0
Week 5,Nexlev,LE-04,485,0
Week 5,Nexlev,LE-06,12,0
Week 5,Nexlev,LE-07,2,0
Week 5,Nexlev,LE-08,33,0
Week 5,Nexlev,LR-01,523,0
Week 5,Nexlev,LR-02,995,0
Week 5,Nexlev,LR-03,3645,0
Week 5,Nexlev,MC-01,1080,0
Week 5,Nexlev,MF-01,1745,0
Week 5,Nexlev,MG-01,122,0
Week 5,Nexlev,MGC-03,64,0
Week 5,Nexlev,MGS-02,25,0
Week 5,Nexlev,MM-01,2,0
Week 5,Nexlev,MR-01,275,0
Week 5,Nexlev,MR-02,937,0
Week 5,Nexlev,MR-03,504,0
Week 5,Nexlev,NP-01,376,0
Week 5,Nexlev,NP-02,662,0
Week 5,Nexlev,NP-03,497,0
Week 5,Nexlev,NP-04,0,0
Week 5,Nexlev,NP-05,42,0
Week 5,Nexlev,NP-06,75,0
Week 5,Nexlev,NP-07,206,0
Week 5,Nexlev,PB-01,729,0
Week 5,Nexlev,PM-01,6,0
Week 5,Nexlev,PM-02,37,0
Week 5,Nexlev,SC-01,1929,0
Week 5,Nexlev,SC-02,0,0
Week 5,Nexlev,SC-03,44,0
Week 5,Nexlev,SC-04,1144,0
Week 5,Nexlev,SC-05,1433,0
Week 5,Nexlev,SM-01,325,0
Week 5,Nexlev,SPC-01,500,0
Week 5,Nexlev,SPM-01,333,0
Week 5,Nexlev,SPM-01(NEW),1,0
Week 5,Nexlev,SS-01,33,0
Week 5,Nexlev,SS-01(NEW),6,0
Week 5,Nexlev,SS-02,727,0
Week 5,Nexlev,ST-01,344,0
Week 5,Nexlev,ST-02,200,0
Week 5,Nexlev,ST-03,100,0
Week 5,Nexlev,SW-01,494,0
Week 5,Nexlev,T-01,70,0
Week 5,Nexlev,T-02,1009,0
Week 5,Nexlev,TI-01,2,0
Week 5,Nexlev,TI-02,582,0
Week 5,Nexlev,TIC-03,10,0
Week 5,Nexlev,TIC-04,30,0
Week 5,Nexlev,TM-01,364,0
Week 5,Nexlev,TM-02,87,0
Week 5,Nexlev,TM-03,828,0
Week 5,Nexlev,TM-04,6,0
Week 5,Nexlev,TM-05,28,0
Week 5,Nexlev,TR-01,0,0
Week 5,Nexlev,TR-02,0,0
Week 5,Nexlev,TR-03,0,0
Week 5,Nexlev,TR-04,0,0
Week 5,Nexlev,TR-05,66,0
Week 5,Nexlev,V-01,443,0
Week 5,Nexlev,V-01 RG,231,0
Week 5,Nexlev,V-01 ROSE GOLD,85,0
Week 5,Nexlev,V-01(ROSEGOLD),801,0
Week 5,Nexlev,V-02,526,0
Week 5,Nexlev,V-03,782,0
Week 5,Nexlev,VC-01,310,0
Week 5,Nexlev,VC-02,1000,0
Week 5,Nexlev,VC-03,566,0
Week 5,Nexlev,VC-04,321,0
Week 5,Nexlev,VC-05,500,0
Week 5,Nexlev,VC-06,583,0
Week 5,Nexlev,WF-02-BL,24,0
Week 5,Tonor,D2,0,0
Week 5,Tonor,D5,2,0
Week 5,Tonor,G11,46,0
Week 5,Tonor,K1,162,0
Week 5,Tonor,K20,0,0
Week 5,Tonor,K9,0,0
Week 5,Tonor,ORCA001,17,0
Week 5,Tonor,Q9,0,0
Week 5,Tonor,S20,74,0
Week 5,Tonor,T10,12,0
Week 5,Tonor,T20,66,0
Week 5,Tonor,T20LP,68,0
Week 5,Tonor,T30,20,0
Week 5,Tonor,T90,9,0
Week 5,Tonor,TC-2030,15,0
Week 5,Tonor,TC-777,466,0
Week 5,Tonor,TC-777 PRO,522,0
Week 5,Tonor,TC20,10,0
Week 5,Tonor,TC30,397,0
Week 5,Tonor,TC30+,0,0
Week 5,Tonor,TC30S,51,0
Week 5,Tonor,TC30S+,20,0
Week 5,Tonor,TC310,76,0
Week 5,Tonor,TC310+,233,0
Week 5,Tonor,TC40,28,0
Week 5,Tonor,TC40S,86,0
Week 5,Tonor,TD310,9,0
Week 5,Tonor,TD310+,292,0
Week 5,Tonor,TD510,66,0
Week 5,Tonor,TD510+,5,0
Week 5,Tonor,TM20,28,0
Week 5,Tonor,TM310,65,0
Week 5,Tonor,TRL-20,16,0
Week 5,White Mulberry,6021-3081-BB,0,0
Week 5,White Mulberry,6023-1168,0,0
Week 5,White Mulberry,6023-210-SIOC,0,0
Week 5,White Mulberry,6023-4139-CB,0,0
Week 5,White Mulberry,6023-7664-SIOC,0,0
Week 5,White Mulberry,6023-8709-SIOC,0,0
Week 5,White Mulberry,6054-2364,0,0
Week 5,White Mulberry,6060-430,0,0
Week 5,White Mulberry,6070--1723,0,0
Week 5,White Mulberry,6070-3436,0,0
Week 5,White Mulberry,6320-150-SIOC,0,0
Week 5,White Mulberry,6486-1746-WHT,0,0
Week 5,White Mulberry,6705-3871-BLK-BB,0,0
Week 5,White Mulberry,6705-3945,0,0
Week 5,White Mulberry,6779-4414-SIOC,0,0
Week 5,White Mulberry,6779-4892,0,0
Week 5,White Mulberry,6780-3139-WHT-SIOC,0,0
Week 5,White Mulberry,6780-4679-WHT-SIOC,1,0
Week 5,White Mulberry,6822-150-SIOC,0,0
Week 5,White Mulberry,6822-167-SIOC,0,0
Week 5,White Mulberry,HD1ML,14,0
Week 5,White Mulberry,HDGS1ML,0,0
Week 5,White Mulberry,HDMSP1ML,4,0
Week 5,White Mulberry,HDWF1ML,300,0
Week 5,White Mulberry,MONITOR BRACKET,64,0
Week 5,White Mulberry,MS1ML,121,0
Week 5,White Mulberry,MS2ML,12,0
Week 5,White Mulberry,POS BRACKET,19,0
Week 5,White Mulberry,POS2M,1,0
Week 5,White Mulberry,POS2MK,20,0
Week 5,White Mulberry,POSS-01,25,0
Week 5,White Mulberry,TV BRACKET,2347,0
Week 5,White Mulberry,TVCF1ML,103,0
Week 5,White Mulberry,TVCT1ML,142,0
Week 5,White Mulberry,TVFM1ML,83,0
Week 5,White Mulberry,TVMF1ML,1,0
Week 5,White Mulberry,VLMS1ML,374,0
Week 5,White Mulberry,"WHITEMULBERRYGAMINGDESK(CUPHOLDER,HEADPHONEHOLDER,CARBON",1,0
Week 5,White Mulberry,WM-CT03MA-100,0,0
Week 5,White Mulberry,WM-CT03MA-120,0,0
Week 5,White Mulberry,WM-CT03OA-100,0,0
Week 5,White Mulberry,WM-CT03OA-120,0,0
Week 5,White Mulberry,WM-DT02-BK,0,0
Week 5,White Mulberry,WM-GD07-CB,315,0
Week 5,White Mulberry,WM-GS1M-BK,84,0
Week 5,White Mulberry,WM-GS2M-BK,4,0
Week 5,White Mulberry,WM-HA1M-BK,768,0
Week 5,White Mulberry,WM-HA2M-BK,23,0
Week 5,White Mulberry,WM-LOD-BK,38,0
Week 5,White Mulberry,WM-LOD-CF,94,0
Week 5,White Mulberry,WM-LOD-IN,13,0
Week 5,White Mulberry,WM-LOD-WH,94,0
Week 5,White Mulberry,WM-LODJ-BK,0,0
Week 5,White Mulberry,WM-LODJ-CF,0,0
Week 5,White Mulberry,WM-LODJ-IN,0,0
Week 5,White Mulberry,WM-LODN-BK,2,0
Week 5,White Mulberry,WM-LODN-WH,6,0
Week 5,White Mulberry,WM-LWS-CF,0,0
Week 5,White Mulberry,WM-LWS-GR,0,0
Week 5,White Mulberry,WM-MD09-BK,0,0
Week 5,White Mulberry,WM-MDL-BK,53,0
Week 5,White Mulberry,WM-MDL-WH,52,0
Week 5,White Mulberry,WM-MH03-BK,0,0
Week 5,White Mulberry,WM-MH05P-BK,9,0
Week 5,White Mulberry,WM-MH05P-CF,1,0
Week 5,White Mulberry,WM-MH05P-WH,5,0
Week 5,White Mulberry,WM-MODL-BBW,6,0
Week 5,White Mulberry,WM-MODL-BK,5,0
Week 5,White Mulberry,WM-MODL-WH,114,0
Week 5,White Mulberry,WM-OD-CL,0,0
Week 5,White Mulberry,WM-SE08-BK,5,0
Week 5,White Mulberry,WM-SE08-CF,126,0
Week 5,White Mulberry,WM-SE08-WD,0,0
Week 5,White Mulberry,WM-SE08-WH,61,0
Week 5,White Mulberry,WM-SEH04P-BK,0,0
Week 5,White Mulberry,WM-SEH04P-CF,11,0
Week 5,White Mulberry,WM-SEH04P-WH,0,0
Week 5,White Mulberry,WM-SEH05P-BK,0,0
Week 5,White Mulberry,WM-SEH05P-CF,0,0
Week 5,White Mulberry,WM-SEH05P-WH,0,0
Week 5,White Mulberry,WM-SEH05R-BK,0,0
Week 5,White Mulberry,WM-SEH05R-WH,0,0
Week 5,White Mulberry,WM-SMD09-WH,15,0
Week 5,White Mulberry,WM-SWZ0021-BK,0,0
Week 5,White Mulberry,WM-USE06-BK,3,0
Week 5,White Mulberry,WM-USE06-WB,0,0
Week 5,White Mulberry,WM-USE06-WH,2,0
Week 5,White Mulberry,WM-USE06-WW,0,0
Week 5,White Mulberry,WM1ML,5,0
Week 6,Audio Array,AA-01,494,0
Week 6,Audio Array,AA-02,1171,0
Week 6,Audio Array,AA-03,613,0
Week 6,Audio Array,AA-04,592,0
Week 6,Audio Array,AA-05,250,0
Week 6,Audio Array,AA-06,248,0
Week 6,Audio Array,AA-07,3,0
Week 6,Audio Array,AA-08,1,0
Week 6,Audio Array,AA-09,0,0
Week 6,Audio Array,AA-10,0,0
Week 6,Audio Array,AA-11,0,0
Week 6,Audio Array,AA-12,6,0
Week 6,Audio Array,AA-13,0,0
Week 6,Audio Array,AA-14,0,0
Week 6,Audio Array,AA-15,0,0
Week 6,Audio Array,AA-17,1,0
Week 6,Audio Array,AA-18,3,0
Week 6,Audio Array,AA-19,470,0
Week 6,Audio Array,AA-19BL,185,0
Week 6,Audio Array,AA-19WL,252,0
Week 6,Audio Array,AA-20,488,0
Week 6,Audio Array,AA-21,502,0
Week 6,Audio Array,AA-22,306,0
Week 6,Audio Array,AA-25,847,0
Week 6,Audio Array,AA-25M,73,0
Week 6,Audio Array,AA-26,1161,0
Week 6,Audio Array,AB-01,6,0
Week 6,Audio Array,AC-3XL,1348,0
Week 6,Audio Array,AC-6XL,788,0
Week 6,Audio Array,AH-40 SL,947,0
Week 6,Audio Array,AH-45 BK,923,0
Week 6,Audio Array,AH-50,3907,0
Week 6,Audio Array,AH-60 BL,576,0
Week 6,Audio Array,AH-60 RD,677,0
Week 6,Audio Array,AI-02,7,0
Week 6,Audio Array,AI-02 2X2| METALLIC RED,0,0
Week 6,Audio Array,AI-02BK,0,0
Week 6,Audio Array,AI-03,313,0
Week 6,Audio Array,AI-04,169,0
Week 6,Audio Array,AI-04 BLACK,1,0
Week 6,Audio Array,AI-04 RED,3451,0
Week 6,Audio Array,AI-04BK,0,0
Week 6,Audio Array,AI-05,0,0
Week 6,Audio Array,AI-06,138,0
Week 6,Audio Array,AI-08,1,0
Week 6,Audio Array,AI-09,3,0
Week 6,Audio Array,AI-10,1823,0
Week 6,Audio Array,AI-11,428,0
Week 6,Audio Array,AI-12,427,0
Week 6,Audio Array,AI-13,491,0
Week 6,Audio Array,AI-14,44,0
Week 6,Audio Array,AK-37-B,306,0
Week 6,Audio Array,AK-37-W,108,0
Week 6,Audio Array,AK-61 NEO,102,0
Week 6,Audio Array,AK-61 PRO,102,0
Week 6,Audio Array,AM-A1,3,0
Week 6,Audio Array,AM-C1,8182,0
Week 6,Audio Array,AM-C10,274,0
Week 6,Audio Array,AM-C11,35,0
Week 6,Audio Array,AM-C11 PRO,951,0
Week 6,Audio Array,AM-C11X,183,0
Week 6,Audio Array,AM-C11X PRO,41,0
Week 6,Audio Array,AM-C12,3,0
Week 6,Audio Array,AM-C13,40,0
Week 6,Audio Array,AM-C14,0,0
Week 6,Audio Array,AM-C15,0,0
Week 6,Audio Array,AM-C16,0,0
Week 6,Audio Array,AM-C17,4,0
Week 6,Audio Array,AM-C18,0,0
Week 6,Audio Array,AM-C19,0,0
Week 6,Audio Array,AM-C2,40,0
Week 6,Audio Array,AM-C20,23,0
Week 6,Audio Array,AM-C21,0,0
Week 6,Audio Array,AM-C22,3,0
Week 6,Audio Array,AM-C23,6,0
Week 6,Audio Array,AM-C24,1,0
Week 6,Audio Array,AM-C25,2,0
Week 6,Audio Array,AM-C26,0,0
Week 6,Audio Array,AM-C27,23,0
Week 6,Audio Array,AM-C28,1084,0
Week 6,Audio Array,AM-C29,16,0
Week 6,Audio Array,AM-C3,142,0
Week 6,Audio Array,AM-C30,24,0
Week 6,Audio Array,AM-C31,5,0
Week 6,Audio Array,AM-C32,11,0
Week 6,Audio Array,AM-C33,12,0
Week 6,Audio Array,AM-C33/P10,39,0
Week 6,Audio Array,AM-C34,2,0
Week 6,Audio Array,AM-C35,5,0
Week 6,Audio Array,AM-C36,8,0
Week 6,Audio Array,AM-C37,11,0
Week 6,Audio Array,AM-C38,8,0
Week 6,Audio Array,AM-C39,594,0
Week 6,Audio Array,AM-C3A,1027,0
Week 6,Audio Array,AM-C4,110,0
Week 6,Audio Array,AM-C40,37,0
Week 6,Audio Array,AM-C41,321,0
Week 6,Audio Array,AM-C42,214,0
Week 6,Audio Array,AM-C43,801,0
Week 6,Audio Array,AM-C44,323,0
Week 6,Audio Array,AM-C44 PRO,40,0
Week 6,Audio Array,AM-C45,236,0
Week 6,Audio Array,AM-C45 PRO,33,0
Week 6,Audio Array,AM-C46,2814,0
Week 6,Audio Array,AM-C47,767,0
Week 6,Audio Array,AM-C48,481,0
Week 6,Audio Array,AM-C5,2533,0
Week 6,Audio Array,AM-C6,78,0
Week 6,Audio Array,AM-C7,65,0
Week 6,Audio Array,AM-C8,1,0
Week 6,Audio Array,AM-C9,1,0
Week 6,Audio Array,AM-K1,33,0
Week 6,Audio Array,AM-K2,3,0
Week 6,Audio Array,AM-K3,0,0
Week 6,Audio Array,AM-MIX10,8,0
Week 6,Audio Array,AM-MIX4,0,0
Week 6,Audio Array,AM-MIX4 OTG,8,0
Week 6,Audio Array,AM-MIX6,8,0
Week 6,Audio Array,AM-MIX8,19,0
Week 6,Audio Array,AM-PRO12,19,0
Week 6,Audio Array,AM-S1,2559,0
Week 6,Audio Array,AM-S2,2000,0
Week 6,Audio Array,AM-W10,504,0
Week 6,Audio Array,AM-W11,506,0
Week 6,Audio Array,AM-W12,651,0
Week 6,Audio Array,AM-W13,415,0
Week 6,Audio Array,AM-W14,91,0
Week 6,Audio Array,AM-W15,9,0
Week 6,Audio Array,AM-W16,317,0
Week 6,Audio Array,AM-W17,1766,0
Week 6,Audio Array,AM-W18,2360,0
Week 6,Audio Array,AM-W19,647,0
Week 6,Audio Array,AM-W20,1230,0
Week 6,Audio Array,AM-W21,71,0
Week 6,Audio Array,AM-W22,1449,0
Week 6,Audio Array,AM-W23,476,0
Week 6,Audio Array,AM-W24,485,0
Week 6,Audio Array,AM-W32,1551,0
Week 6,Audio Array,AM-W33,1296,0
Week 6,Audio Array,AM-W34,249,0
Week 6,Audio Array,AM-W35,341,0
Week 6,Audio Array,AM-W36,209,0
Week 6,Audio Array,AM-W38,0,0
Week 6,Audio Array,AM-W42,0,0
Week 6,Audio Array,AM-W44,0,0
Week 6,Audio Array,AM-W45,872,0
Week 6,Audio Array,AM-W46,31,0
Week 6,Audio Array,AM-W47 WIRED,958,0
Week 6,Audio Array,AM-W47 WIRELESS,484,0
Week 6,Audio Array,AM-W48,100,0
Week 6,Audio Array,AS-01,1,0
Week 6,Audio Array,ETC-07-WH,57,0
Week 6,Audio Array,GB-01 (AM-C43 +AI-10),24,0
Week 6,Audio Array,GB-02 (AM-C43 + AI-11),20,0
Week 6,Audio Array,GB-03 (AI-12 + AM-C43),21,0
Week 6,Audio Array,GB-04 (AM-C45 + AI-06),20,0
Week 6,Audio Array,GB-05 (AM-C43 + AI-06),48,0
Week 6,Audio Array,KB-01 (AM-W32 + AI-12),23,0
Week 6,Audio Array,M8,9,0
Week 6,Audio Array,PB-01 (AM-C11 + AI-04),17,0
Week 6,Audio Array,PB-02 (AI-04 RED + AM-C11 + AA-05),27,0
Week 6,Audio Array,PB-03 (AI-04 RED + AM-C11 X 2),2,0
Week 6,Audio Array,PB-04 (AI-04 RED + AM-C44 X 2),29,0
Week 6,Audio Array,PB-05 (AA-05 + AM-C11 + AI-04),7,0
Week 6,Audio Array,PB-06 (AA-05 + AM-C44 + AI-04),26,0
Week 6,Audio Array,PB-07 (AA-05 + AM-C45 + AI-04),23,0
Week 6,Audio Array,PB-08 (AM-C1 + AI-04),3,0
Week 6,Audio Array,PB-09 (AM-C45 + AI-06 + AA-05),23,0
Week 6,Audio Array,PB-10 (AM-C2+AI-04+AH-60-BL),0,0
Week 6,Audio Array,PB-11 (AM-C44+AA-05+AH-45-BK),13,0
Week 6,Audio Array,PB-12 (AM-C11+AA-05+AI-04+AH-60-RD),14,0
Week 6,Audio Array,PB-13 (AM-C43+AH-40-SL+AI-11),0,0
Week 6,Audio Array,PB-14 (AM-C43+AH-40-SL+AI-12),15,0
Week 6,Audio Array,SB-01,2644,0
Week 6,Audio Array,TM-03,10,0
Week 6,Audio Array,"UB-01 (AI-04, AM-S1, AA-21, AM-C2)",19,0
Week 6,Audio Array,UB-02 (AM-S1 + AA-21),19,0
Week 6,Audio Array,UB-03 (AM-S1 + AA-22),22,0
Week 6,Nexlev,AP-01,66,0
Week 6,Nexlev,AP-02,2,0
Week 6,Nexlev,AP-03,991,0
Week 6,Nexlev,AP-04,500,0
Week 6,Nexlev,AP-06,1008,0
Week 6,Nexlev,BM-01,0,0
Week 6,Nexlev,BM-02,284,0
Week 6,Nexlev,BM-03,1,0
Week 6,Nexlev,BR-01,568,0
Week 6,Nexlev,CAP-05,500,0
Week 6,Nexlev,CF-01,104,0
Week 6,Nexlev,CFM-01,1306,0
Week 6,Nexlev,CFM-02,31,0
Week 6,Nexlev,CFM-03,296,0
Week 6,Nexlev,CM-01-BL,260,0
Week 6,Nexlev,CM-02-PR,1246,0
Week 6,Nexlev,CR-01,761,0
Week 6,Nexlev,DF-01-BK,10,0
Week 6,Nexlev,DH-01,198,0
Week 6,Nexlev,EA-01,1284,0
Week 6,Nexlev,EA-02,574,0
Week 6,Nexlev,EM-01,1,0
Week 6,Nexlev,EM-02,25,0
Week 6,Nexlev,ET-01-BK,1105,0
Week 6,Nexlev,ET-01-BK_N,355,0
Week 6,Nexlev,ET-02-GN,213,0
Week 6,Nexlev,ET-02-GN_N,266,0
Week 6,Nexlev,ET-03-BL,41,0
Week 6,Nexlev,ET-03-BL_N,1,0
Week 6,Nexlev,ETC-04,100,0
Week 6,Nexlev,ETC-04-WH,1308,0
Week 6,Nexlev,ETC-05-PI,192,0
Week 6,Nexlev,ETC-07,2686,0
Week 6,Nexlev,ETC-07-WH,102,0
Week 6,Nexlev,ETC-08,100,0
Week 6,Nexlev,ETC-08 - BLUE,1039,0
Week 6,Nexlev,ETC-08-BL,198,0
Week 6,Nexlev,ETR-06,161,0
Week 6,Nexlev,FM-01,1,0
Week 6,Nexlev,FM-02,0,0
Week 6,Nexlev,FS-01,1139,0
Week 6,Nexlev,GS-01,0,0
Week 6,Nexlev,GS-02,1533,0
Week 6,Nexlev,GS-04,26,0
Week 6,Nexlev,GS-05,1336,0
Week 6,Nexlev,HB-01,47,0
Week 6,Nexlev,HD-01,1378,0
Week 6,Nexlev,HD-02,1025,0
Week 6,Nexlev,HM-01,810,0
Week 6,Nexlev,HM-02,291,0
Week 6,Nexlev,HS-01,534,0
Week 6,Nexlev,HS-02,130,0
Week 6,Nexlev,HSB-03,1928,0
Week 6,Nexlev,HSB-04,557,0
Week 6,Nexlev,HU-01,73,0
Week 6,Nexlev,HU-02,1068,0
Week 6,Nexlev,IPL-01,40,0
Week 6,Nexlev,KE-01,734,0
Week 6,Nexlev,KE-02,442,0
Week 6,Nexlev,KE-03,1384,0
Week 6,Nexlev,KM-01,122,0
Week 6,Nexlev,LE-01,218,0
Week 6,Nexlev,LE-02,1440,0
Week 6,Nexlev,LE-03,236,0
Week 6,Nexlev,LE-04,670,0
Week 6,Nexlev,LE-06,12,0
Week 6,Nexlev,LE-07,2,0
Week 6,Nexlev,LE-08,33,0
Week 6,Nexlev,LR-01,799,0
Week 6,Nexlev,LR-01 SET OF 2 BLADES,1,0
Week 6,Nexlev,LR-02,1121,0
Week 6,Nexlev,LR-02 SET OF 2 BLADES,0,0
Week 6,Nexlev,LR-03,3932,0
Week 6,Nexlev,MC-01,1606,0
Week 6,Nexlev,MF-01,1951,0
Week 6,Nexlev,MG-01,274,0
Week 6,Nexlev,MGC-03,111,0
Week 6,Nexlev,MGS-02,62,0
Week 6,Nexlev,MM-01,2,0
Week 6,Nexlev,MR-01,761,0
Week 6,Nexlev,MR-01 HEPA FILTER,0,0
Week 6,Nexlev,MR-02,1194,0
Week 6,Nexlev,MR-03,504,0
Week 6,Nexlev,NP-01,598,0
Week 6,Nexlev,NP-02,762,0
Week 6,Nexlev,NP-03,598,0
Week 6,Nexlev,NP-04,0,0
Week 6,Nexlev,NP-05,43,0
Week 6,Nexlev,NP-06,232,0
Week 6,Nexlev,NP-07,347,0
Week 6,Nexlev,PB-01,873,0
Week 6,Nexlev,PM-01,19,0
Week 6,Nexlev,PM-02,53,0
Week 6,Nexlev,SC-01,2041,0
Week 6,Nexlev,SC-01 SET OF SPARES,0,0
Week 6,Nexlev,SC-02,23,0
Week 6,Nexlev,SC-02 SET OF SPARES,0,0
Week 6,Nexlev,SC-03,108,0
Week 6,Nexlev,SC-04,1359,0
Week 6,Nexlev,SC-04 SET OF 2 MOPS,0,0
Week 6,Nexlev,SC-04 SPARE SET,0,0
Week 6,Nexlev,SC-05,1715,0
Week 6,Nexlev,SC-05 SC-05 - SET OF SPARES,7,0
Week 6,Nexlev,SM-01,513,0
Week 6,Nexlev,SPC-01,500,0
Week 6,Nexlev,SPM-01,453,0
Week 6,Nexlev,SPM-01 SET OF 2 MOPS,5,0
Week 6,Nexlev,SPM-01(NEW),13,0
Week 6,Nexlev,SS-01,134,0
Week 6,Nexlev,SS-01(NEW),60,0
Week 6,Nexlev,SS-02,969,0
Week 6,Nexlev,SS-02 SET OF SPARES,10,0
Week 6,Nexlev,ST-01,641,0
Week 6,Nexlev,ST-01 ST-01 SET OF HOOKS,0,0
Week 6,Nexlev,ST-02,200,0
Week 6,Nexlev,ST-03,100,0
Week 6,Nexlev,SW-01,649,0
Week 6,Nexlev,T-01,88,0
Week 6,Nexlev,T-02,1347,0
Week 6,Nexlev,TI-01,121,0
Week 6,Nexlev,TI-02,940,0
Week 6,Nexlev,TIC-03,63,0
Week 6,Nexlev,TIC-04,31,0
Week 6,Nexlev,TM-01,563,0
Week 6,Nexlev,TM-02,316,0
Week 6,Nexlev,TM-03,1037,0
Week 6,Nexlev,TM-04,11,0
Week 6,Nexlev,TM-05,62,0
Week 6,Nexlev,TR-01,0,0
Week 6,Nexlev,TR-02,0,0
Week 6,Nexlev,TR-03,0,0
Week 6,Nexlev,TR-04,0,0
Week 6,Nexlev,TR-05,66,0
Week 6,Nexlev,V-01,683,0
Week 6,Nexlev,V-01 RG,669,0
Week 6,Nexlev,V-01 ROSE GOLD,67,0
Week 6,Nexlev,V-01(ROSEGOLD),802,0
Week 6,Nexlev,V-02,703,0
Week 6,Nexlev,V-03,1288,0
Week 6,Nexlev,VC-01,483,0
Week 6,Nexlev,VC-01 HEPA,0,0
Week 6,Nexlev,VC-02,1019,0
Week 6,Nexlev,VC-02 HEPA,0,0
Week 6,Nexlev,VC-03,936,0
Week 6,Nexlev,VC-04,546,0
Week 6,Nexlev,VC-05,787,0
Week 6,Nexlev,VC-06,635,0
Week 6,Nexlev,WF-02-BL,34,0
Week 6,Tonor,D2,0,0
Week 6,Tonor,D5,2,0
Week 6,Tonor,G11,33,0
Week 6,Tonor,K1,141,0
Week 6,Tonor,K20,0,0
Week 6,Tonor,K9,0,0
Week 6,Tonor,ORCA001,17,0
Week 6,Tonor,Q9,0,0
Week 6,Tonor,S20,81,0
Week 6,Tonor,T10,12,0
Week 6,Tonor,T20,95,0
Week 6,Tonor,T20LP,67,0
Week 6,Tonor,T30,20,0
Week 6,Tonor,T90,9,0
Week 6,Tonor,TC-2030,13,0
Week 6,Tonor,TC-777,465,0
Week 6,Tonor,TC-777 PRO,535,0
Week 6,Tonor,TC20,10,0
Week 6,Tonor,TC30,398,0
Week 6,Tonor,TC30+,5,0
Week 6,Tonor,TC30S,50,0
Week 6,Tonor,TC30S+,21,0
Week 6,Tonor,TC310,82,0
Week 6,Tonor,TC310+,228,0
Week 6,Tonor,TC40,29,0
Week 6,Tonor,TC40S,85,0
Week 6,Tonor,TD310,2,0
Week 6,Tonor,TD310+,264,0
Week 6,Tonor,TD510,61,0
Week 6,Tonor,TD510+,5,0
Week 6,Tonor,TM20,66,0
Week 6,Tonor,TM310,125,0
Week 6,Tonor,TRL-20,16,0
Week 6,White Mulberry,-,119,0
Week 6,White Mulberry,6021-3081-BB,0,0
Week 6,White Mulberry,6023-1168,0,0
Week 6,White Mulberry,6023-210-SIOC,0,0
Week 6,White Mulberry,6023-4139-CB,0,0
Week 6,White Mulberry,6023-7664-SIOC,0,0
Week 6,White Mulberry,6023-8709-SIOC,0,0
Week 6,White Mulberry,6054-2364,0,0
Week 6,White Mulberry,6060-430,0,0
Week 6,White Mulberry,6070--1723,0,0
Week 6,White Mulberry,6070-3436,0,0
Week 6,White Mulberry,6320-150-SIOC,0,0
Week 6,White Mulberry,6486-1746-WHT,0,0
Week 6,White Mulberry,6705-3871-BLK-BB,0,0
Week 6,White Mulberry,6705-3945,0,0
Week 6,White Mulberry,6779-4414-SIOC,0,0
Week 6,White Mulberry,6779-4892,0,0
Week 6,White Mulberry,6780-3139-WHT-SIOC,0,0
Week 6,White Mulberry,6780-4679-WHT-SIOC,1,0
Week 6,White Mulberry,6822-150-SIOC,0,0
Week 6,White Mulberry,6822-167-SIOC,0,0
Week 6,White Mulberry,GS1ML,5,0
Week 6,White Mulberry,HD1ML,8,0
Week 6,White Mulberry,HDGS1ML,0,0
Week 6,White Mulberry,HDMSP1ML,4,0
Week 6,White Mulberry,HDWF1ML,478,0
Week 6,White Mulberry,MONITOR BRACKET,78,0
Week 6,White Mulberry,MS1ML,94,0
Week 6,White Mulberry,MS2ML,10,0
Week 6,White Mulberry,POS BRACKET,19,0
Week 6,White Mulberry,POS2M,1,0
Week 6,White Mulberry,POS2MK,20,0
Week 6,White Mulberry,POSS-01,25,0
Week 6,White Mulberry,TV BRACKET,2599,0
Week 6,White Mulberry,TVCF1ML,96,0
Week 6,White Mulberry,TVCT1ML,126,0
Week 6,White Mulberry,TVFM1ML,78,0
Week 6,White Mulberry,TVMF1ML,3,0
Week 6,White Mulberry,VLMS1ML,461,0
Week 6,White Mulberry,"WHITEMULBERRYGAMINGDESK(CUPHOLDER,HEADPHONEHOLDER,CARBON",8,0
Week 6,White Mulberry,WM-CT03MA-100,0,0
Week 6,White Mulberry,WM-CT03MA-120,0,0
Week 6,White Mulberry,WM-CT03OA-100,0,0
Week 6,White Mulberry,WM-CT03OA-120,0,0
Week 6,White Mulberry,WM-DT02-BK,0,0
Week 6,White Mulberry,WM-GD07-CB,261,0
Week 6,White Mulberry,WM-GS1M-BK,114,0
Week 6,White Mulberry,WM-GS2M-BK,5,0
Week 6,White Mulberry,WM-HA1M-BK,773,0
Week 6,White Mulberry,WM-HA2M-BK,23,0
Week 6,White Mulberry,WM-LOD-BK,33,0
Week 6,White Mulberry,WM-LOD-CF,86,0
Week 6,White Mulberry,WM-LOD-IN,11,0
Week 6,White Mulberry,WM-LOD-WH,131,0
Week 6,White Mulberry,WM-LODJ-BK,0,0
Week 6,White Mulberry,WM-LODJ-CF,0,0
Week 6,White Mulberry,WM-LODJ-IN,0,0
Week 6,White Mulberry,WM-LODN-BK,2,0
Week 6,White Mulberry,WM-LODN-WH,6,0
Week 6,White Mulberry,WM-LWS-CF,0,0
Week 6,White Mulberry,WM-LWS-GR,0,0
Week 6,White Mulberry,WM-MD09-BK,0,0
Week 6,White Mulberry,WM-MDL-BK,49,0
Week 6,White Mulberry,WM-MDL-WH,46,0
Week 6,White Mulberry,WM-MH03-BK,0,0
Week 6,White Mulberry,WM-MH05P-BK,9,0
Week 6,White Mulberry,WM-MH05P-CF,1,0
Week 6,White Mulberry,WM-MH05P-WH,5,0
Week 6,White Mulberry,WM-MODL-BBW,3,0
Week 6,White Mulberry,WM-MODL-BK,5,0
Week 6,White Mulberry,WM-MODL-WH,112,0
Week 6,White Mulberry,WM-OD-CL,0,0
Week 6,White Mulberry,WM-SE08-BK,2,0
Week 6,White Mulberry,WM-SE08-CF,124,0
Week 6,White Mulberry,WM-SE08-WD,0,0
Week 6,White Mulberry,WM-SE08-WH,59,0
Week 6,White Mulberry,WM-SEH04P-BK,0,0
Week 6,White Mulberry,WM-SEH04P-CF,11,0
Week 6,White Mulberry,WM-SEH04P-WH,0,0
Week 6,White Mulberry,WM-SEH05P-BK,0,0
Week 6,White Mulberry,WM-SEH05P-CF,0,0
Week 6,White Mulberry,WM-SEH05P-WH,0,0
Week 6,White Mulberry,WM-SEH05R-BK,0,0
Week 6,White Mulberry,WM-SEH05R-WH,0,0
Week 6,White Mulberry,WM-SMD09-WH,15,0
Week 6,White Mulberry,WM-SWZ0021-BK,0,0
Week 6,White Mulberry,WM-USE06-BK,3,0
Week 6,White Mulberry,WM-USE06-WB,0,0
Week 6,White Mulberry,WM-USE06-WH,2,0
Week 6,White Mulberry,WM-USE06-WW,0,0
Week 6,White Mulberry,WM1ML,46,0
Week 7,Audio Array,AA-01,484,0
Week 7,Audio Array,AA-02,1169,0
Week 7,Audio Array,AA-03,607,0
Week 7,Audio Array,AA-04,580,0
Week 7,Audio Array,AA-05,234,0
Week 7,Audio Array,AA-06,238,0
Week 7,Audio Array,AA-07,3,0
Week 7,Audio Array,AA-08,1,0
Week 7,Audio Array,AA-09,0,0
Week 7,Audio Array,AA-10,0,0
Week 7,Audio Array,AA-11,0,0
Week 7,Audio Array,AA-12,6,0
Week 7,Audio Array,AA-13,0,0
Week 7,Audio Array,AA-14,0,0
Week 7,Audio Array,AA-15,0,0
Week 7,Audio Array,AA-17,1,0
Week 7,Audio Array,AA-18,3,0
Week 7,Audio Array,AA-19,453,0
Week 7,Audio Array,AA-19BL,192,0
Week 7,Audio Array,AA-19WL,251,0
Week 7,Audio Array,AA-20,486,0
Week 7,Audio Array,AA-21,489,0
Week 7,Audio Array,AA-22,304,0
Week 7,Audio Array,AA-25,856,0
Week 7,Audio Array,AA-25M,71,0
Week 7,Audio Array,AA-26,1118,0
Week 7,Audio Array,AB-01,6,0
Week 7,Audio Array,AC-3XL,1353,0
Week 7,Audio Array,AC-6XL,950,0
Week 7,Audio Array,AH-40 SL,1002,0
Week 7,Audio Array,AH-45 BK,963,0
Week 7,Audio Array,AH-50,3682,0
Week 7,Audio Array,AH-60 BL,553,0
Week 7,Audio Array,AH-60 RD,677,0
Week 7,Audio Array,AI-02,7,0
Week 7,Audio Array,AI-02 2X2| METALLIC RED,0,0
Week 7,Audio Array,AI-03,330,0
Week 7,Audio Array,AI-04,169,0
Week 7,Audio Array,AI-04 BLACK,1,0
Week 7,Audio Array,AI-04 RED,3337,0
Week 7,Audio Array,AI-05,0,0
Week 7,Audio Array,AI-06,138,0
Week 7,Audio Array,AI-08,1,0
Week 7,Audio Array,AI-09,3,0
Week 7,Audio Array,AI-10,1808,0
Week 7,Audio Array,AI-11,421,0
Week 7,Audio Array,AI-12,421,0
Week 7,Audio Array,AI-13,462,0
Week 7,Audio Array,AI-14,38,0
Week 7,Audio Array,AK-37-B,306,0
Week 7,Audio Array,AK-37-W,108,0
Week 7,Audio Array,AK-61 NEO,102,0
Week 7,Audio Array,AK-61 PRO,102,0
Week 7,Audio Array,AM-A1,3,0
Week 7,Audio Array,AM-C1,8106,0
Week 7,Audio Array,AM-C10,207,0
Week 7,Audio Array,AM-C11,32,0
Week 7,Audio Array,AM-C11 PRO,970,0
Week 7,Audio Array,AM-C11X,188,0
Week 7,Audio Array,AM-C11X PRO,41,0
Week 7,Audio Array,AM-C12,3,0
Week 7,Audio Array,AM-C13,38,0
Week 7,Audio Array,AM-C14,0,0
Week 7,Audio Array,AM-C15,4,0
Week 7,Audio Array,AM-C16,0,0
Week 7,Audio Array,AM-C17,6,0
Week 7,Audio Array,AM-C18,0,0
Week 7,Audio Array,AM-C19,0,0
Week 7,Audio Array,AM-C2,153,0
Week 7,Audio Array,AM-C20,16,0
Week 7,Audio Array,AM-C21,0,0
Week 7,Audio Array,AM-C22,3,0
Week 7,Audio Array,AM-C23,6,0
Week 7,Audio Array,AM-C24,1,0
Week 7,Audio Array,AM-C25,3,0
Week 7,Audio Array,AM-C26,0,0
Week 7,Audio Array,AM-C27,22,0
Week 7,Audio Array,AM-C28,1040,0
Week 7,Audio Array,AM-C29,16,0
Week 7,Audio Array,AM-C3,133,0
Week 7,Audio Array,AM-C30,23,0
Week 7,Audio Array,AM-C31,5,0
Week 7,Audio Array,AM-C32,12,0
Week 7,Audio Array,AM-C33,51,0
Week 7,Audio Array,AM-C34,2,0
Week 7,Audio Array,AM-C35,5,0
Week 7,Audio Array,AM-C36,8,0
Week 7,Audio Array,AM-C37,11,0
Week 7,Audio Array,AM-C38,8,0
Week 7,Audio Array,AM-C39,585,0
Week 7,Audio Array,AM-C3A,1027,0
Week 7,Audio Array,AM-C4,106,0
Week 7,Audio Array,AM-C40,35,0
Week 7,Audio Array,AM-C41,316,0
Week 7,Audio Array,AM-C42,210,0
Week 7,Audio Array,AM-C43,791,0
Week 7,Audio Array,AM-C44,289,0
Week 7,Audio Array,AM-C44 PRO,43,0
Week 7,Audio Array,AM-C45,184,0
Week 7,Audio Array,AM-C45 PRO,31,0
Week 7,Audio Array,AM-C46,2763,0
Week 7,Audio Array,AM-C47,755,0
Week 7,Audio Array,AM-C48,475,0
Week 7,Audio Array,AM-C5,2222,0
Week 7,Audio Array,AM-C6,77,0
Week 7,Audio Array,AM-C7,56,0
Week 7,Audio Array,AM-C8,1,0
Week 7,Audio Array,AM-C9,1,0
Week 7,Audio Array,AM-K1,33,0
Week 7,Audio Array,AM-K2,3,0
Week 7,Audio Array,AM-K3,0,0
Week 7,Audio Array,AM-MIX10,8,0
Week 7,Audio Array,AM-MIX4 OTG,8,0
Week 7,Audio Array,AM-MIX6,7,0
Week 7,Audio Array,AM-MIX8,18,0
Week 7,Audio Array,AM-PRO12,19,0
Week 7,Audio Array,AM-S1,2509,0
Week 7,Audio Array,AM-S2,2000,0
Week 7,Audio Array,AM-W10,502,0
Week 7,Audio Array,AM-W11,507,0
Week 7,Audio Array,AM-W12,646,0
Week 7,Audio Array,AM-W13,415,0
Week 7,Audio Array,AM-W14,172,0
Week 7,Audio Array,AM-W15,9,0
Week 7,Audio Array,AM-W16,316,0
Week 7,Audio Array,AM-W17,1767,0
Week 7,Audio Array,AM-W18,2266,0
Week 7,Audio Array,AM-W19,627,0
Week 7,Audio Array,AM-W20,1230,0
Week 7,Audio Array,AM-W21,70,0
Week 7,Audio Array,AM-W22,1402,0
Week 7,Audio Array,AM-W23,476,0
Week 7,Audio Array,AM-W24,473,0
Week 7,Audio Array,AM-W32,1435,0
Week 7,Audio Array,AM-W33,1321,0
Week 7,Audio Array,AM-W34,200,0
Week 7,Audio Array,AM-W35,302,0
Week 7,Audio Array,AM-W36,204,0
Week 7,Audio Array,AM-W45,952,0
Week 7,Audio Array,AM-W46,31,0
Week 7,Audio Array,AM-W47 WIRED,956,0
Week 7,Audio Array,AM-W47 WIRELESS,480,0
Week 7,Audio Array,AM-W48,100,0
Week 7,Audio Array,AS-01,1,0
Week 7,Audio Array,ETC-07-WH,57,0
Week 7,Audio Array,GB-01 (AM-C43 +AI-10),23,0
Week 7,Audio Array,GB-02 (AM-C43 + AI-11),17,0
Week 7,Audio Array,GB-03 (AI-12 + AM-C43),21,0
Week 7,Audio Array,GB-04 (AM-C45 + AI-06),20,0
Week 7,Audio Array,GB-05 (AM-C43 + AI-06),47,0
Week 7,Audio Array,KB-01 (AM-W32 + AI-12),22,0
Week 7,Audio Array,M8,37,0
Week 7,Audio Array,PB-01 (AM-C11 + AI-04),16,0
Week 7,Audio Array,PB-02 (AI-04 RED + AM-C11 + AA-05),28,0
Week 7,Audio Array,PB-03 (AI-04 RED + AM-C11 X 2),4,0
Week 7,Audio Array,PB-04 (AI-04 RED + AM-C44 X 2),28,0
Week 7,Audio Array,PB-05 (AA-05 + AM-C11 + AI-04),7,0
Week 7,Audio Array,PB-06 (AA-05 + AM-C44 + AI-04),27,0
Week 7,Audio Array,PB-07 (AA-05 + AM-C45 + AI-04),23,0
Week 7,Audio Array,PB-08 (AM-C1 + AI-04),4,0
Week 7,Audio Array,PB-09 (AM-C45 + AI-06 + AA-05),23,0
Week 7,Audio Array,PB-10 (AM-C2+AI-04+AH-60-BL),0,0
Week 7,Audio Array,PB-11 (AM-C44+AA-05+AH-45-BK),13,0
Week 7,Audio Array,PB-12 (AM-C11+AA-05+AI-04+AH-60-RD),13,0
Week 7,Audio Array,PB-13 (AM-C43+AH-40-SL+AI-11),0,0
Week 7,Audio Array,PB-14 (AM-C43+AH-40-SL+AI-12),15,0
Week 7,Audio Array,SB-01,2627,0
Week 7,Audio Array,TM-03,10,0
Week 7,Audio Array,"UB-01 (AI-04, AM-S1, AA-21, AM-C2)",19,0
Week 7,Audio Array,UB-02 (AM-S1 + AA-21),15,0
Week 7,Audio Array,UB-03 (AM-S1 + AA-22),21,0
Week 7,Nexlev,AP-01,65,0
Week 7,Nexlev,AP-02,2,0
Week 7,Nexlev,AP-03,920,0
Week 7,Nexlev,AP-04,500,0
Week 7,Nexlev,AP-06,1008,0
Week 7,Nexlev,BM-01,0,0
Week 7,Nexlev,BM-02,281,0
Week 7,Nexlev,BM-03,1,0
Week 7,Nexlev,BR-01,650,0
Week 7,Nexlev,CAP-05,500,0
Week 7,Nexlev,CF-01,102,0
Week 7,Nexlev,CFM-01,930,0
Week 7,Nexlev,CFM-02,29,0
Week 7,Nexlev,CFM-03,294,0
Week 7,Nexlev,CM-01-BL,198,0
Week 7,Nexlev,CM-02-PR,1299,0
Week 7,Nexlev,CR-01,742,0
Week 7,Nexlev,DF-01-BK,10,0
Week 7,Nexlev,DH-01,198,0
Week 7,Nexlev,EA-01,1250,0
Week 7,Nexlev,EA-02,662,0
Week 7,Nexlev,EM-01,1,0
Week 7,Nexlev,EM-02,24,0
Week 7,Nexlev,ET-01-BK,1099,0
Week 7,Nexlev,ET-01-BK_N,333,0
Week 7,Nexlev,ET-02-GN,209,0
Week 7,Nexlev,ET-02-GN_N,254,0
Week 7,Nexlev,ET-03-BL,41,0
Week 7,Nexlev,ET-03-BL_N,0,0
Week 7,Nexlev,ETC-04,100,0
Week 7,Nexlev,ETC-04-WH,1302,0
Week 7,Nexlev,ETC-05-PI,191,0
Week 7,Nexlev,ETC-07,2686,0
Week 7,Nexlev,ETC-07-WH,98,0
Week 7,Nexlev,ETC-08-BL,1334,0
Week 7,Nexlev,ETR-06,159,0
Week 7,Nexlev,FM-01,1,0
Week 7,Nexlev,FM-02,0,0
Week 7,Nexlev,FS-01,1259,0
Week 7,Nexlev,GS-01,0,0
Week 7,Nexlev,GS-02,1456,0
Week 7,Nexlev,GS-04,26,0
Week 7,Nexlev,GS-05,1340,0
Week 7,Nexlev,HB-01,47,0
Week 7,Nexlev,HD-01,1376,0
Week 7,Nexlev,HD-02,1205,0
Week 7,Nexlev,HM-01,815,0
Week 7,Nexlev,HM-02,218,0
Week 7,Nexlev,HPC,253,0
Week 7,Nexlev,HS-01,528,0
Week 7,Nexlev,HS-02,123,0
Week 7,Nexlev,HSB-03,1914,0
Week 7,Nexlev,HSB-04,527,0
Week 7,Nexlev,HU-01,68,0
Week 7,Nexlev,HU-02,1184,0
Week 7,Nexlev,IPL-01,40,0
Week 7,Nexlev,KE-01,678,0
Week 7,Nexlev,KE-02,426,0
Week 7,Nexlev,KE-03,1484,0
Week 7,Nexlev,KM-01,124,0
Week 7,Nexlev,LE-01,208,0
Week 7,Nexlev,LE-02,1314,0
Week 7,Nexlev,LE-03,237,0
Week 7,Nexlev,LE-04,642,0
Week 7,Nexlev,LE-06,12,0
Week 7,Nexlev,LE-07,2,0
Week 7,Nexlev,LE-08,33,0
Week 7,Nexlev,LR-01,737,0
Week 7,Nexlev,LR-01 SET OF 2 BLADES,10,0
Week 7,Nexlev,LR-02,1021,0
Week 7,Nexlev,LR-02 SET OF 2 BLADES,10,0
Week 7,Nexlev,LR-03,3931,0
Week 7,Nexlev,MC-01,1556,0
Week 7,Nexlev,MF-01,1946,0
Week 7,Nexlev,MG-01,194,0
Week 7,Nexlev,MGC-03,75,0
Week 7,Nexlev,MGS-02,43,0
Week 7,Nexlev,MM-01,0,0
Week 7,Nexlev,MR-01,747,0
Week 7,Nexlev,MR-01 HEPA FILTER,0,0
Week 7,Nexlev,MR-02,960,0
Week 7,Nexlev,MR-02 HEPA FILTER,5,0
Week 7,Nexlev,MR-03,504,0
Week 7,Nexlev,NP-01,595,0
Week 7,Nexlev,NP-02,761,0
Week 7,Nexlev,NP-03,581,0
Week 7,Nexlev,NP-04,0,0
Week 7,Nexlev,NP-05,43,0
Week 7,Nexlev,NP-06,238,0
Week 7,Nexlev,NP-07,284,0
Week 7,Nexlev,PB-01,845,0
Week 7,Nexlev,PM-01,19,0
Week 7,Nexlev,PM-02,53,0
Week 7,Nexlev,SC-01,1949,0
Week 7,Nexlev,SC-01 SET OF SPARES,10,0
Week 7,Nexlev,SC-02,17,0
Week 7,Nexlev,SC-02 SET OF SPARES,0,0
Week 7,Nexlev,SC-03,106,0
Week 7,Nexlev,SC-04,1494,0
Week 7,Nexlev,SC-04 SET OF 2 MOPS,10,0
Week 7,Nexlev,SC-04 SPARE SET,10,0
Week 7,Nexlev,SC-05,1687,0
Week 7,Nexlev,SC-05 SC-05 - SET OF SPARES,7,0
Week 7,Nexlev,SM-01,494,0
Week 7,Nexlev,SM-01 SET OF 2 MOPS,5,0
Week 7,Nexlev,SPC-01,500,0
Week 7,Nexlev,SPM-01,438,0
Week 7,Nexlev,SPM-01 SET OF 2 MOPS,15,0
Week 7,Nexlev,SPM-01(NEW),0,0
Week 7,Nexlev,SS-01,135,0
Week 7,Nexlev,SS-01(NEW),60,0
Week 7,Nexlev,SS-02,915,0
Week 7,Nexlev,SS-02 SET OF SPARES,10,0
Week 7,Nexlev,ST-01,604,0
Week 7,Nexlev,ST-01 ST-01 SET OF HOOKS,5,0
Week 7,Nexlev,ST-02,200,0
Week 7,Nexlev,ST-03,100,0
Week 7,Nexlev,SW-01,633,0
Week 7,Nexlev,T-01,82,0
Week 7,Nexlev,T-02,1333,0
Week 7,Nexlev,TI-01,121,0
Week 7,Nexlev,TI-02,820,0
Week 7,Nexlev,TIC-03,29,0
Week 7,Nexlev,TIC-04,31,0
Week 7,Nexlev,TM-01,533,0
Week 7,Nexlev,TM-02,297,0
Week 7,Nexlev,TM-03,1023,0
Week 7,Nexlev,TM-04,11,0
Week 7,Nexlev,TM-05,43,0
Week 7,Nexlev,TR-01,0,0
Week 7,Nexlev,TR-02,0,0
Week 7,Nexlev,TR-03,0,0
Week 7,Nexlev,TR-04,0,0
Week 7,Nexlev,TR-05,66,0
Week 7,Nexlev,V-01,682,0
Week 7,Nexlev,V-01 RG,1521,0
Week 7,Nexlev,V-02,691,0
Week 7,Nexlev,V-03,1267,0
Week 7,Nexlev,VC-01,456,0
Week 7,Nexlev,VC-01 HEPA,10,0
Week 7,Nexlev,VC-02,1060,0
Week 7,Nexlev,VC-02 HEPA,0,0
Week 7,Nexlev,VC-03,733,0
Week 7,Nexlev,VC-04,540,0
Week 7,Nexlev,VC-05,773,0
Week 7,Nexlev,"VC-05 VC-05 -SET OF SPARES(CREVICE, BRUSH & HOSE)",5,0
Week 7,Nexlev,VC-06,637,0
Week 7,Nexlev,WF-02-BL,34,0
Week 7,Tonor,D2,0,0
Week 7,Tonor,D5,2,0
Week 7,Tonor,G11,252,0
Week 7,Tonor,K1,1124,0
Week 7,Tonor,ORCA001,7,0
Week 7,Tonor,S20,259,0
Week 7,Tonor,T10,12,0
Week 7,Tonor,T20,61,0
Week 7,Tonor,T20LP,68,0
Week 7,Tonor,T30,8,0
Week 7,Tonor,T90,8,0
Week 7,Tonor,TC-2030,81,0
Week 7,Tonor,TC-777,91,0
Week 7,Tonor,TC-777 PRO,38,0
Week 7,Tonor,TC20,4,0
Week 7,Tonor,TC30,76,0
Week 7,Tonor,TC30+,11,0
Week 7,Tonor,TC30S,50,0
Week 7,Tonor,TC30S+,21,0
Week 7,Tonor,TC310,74,0
Week 7,Tonor,TC310+,227,0
Week 7,Tonor,TC40,6,0
Week 7,Tonor,TC40S,23,0
Week 7,Tonor,TC777 PRO,30,0
Week 7,Tonor,TC777PRO,464,0
Week 7,Tonor,TD310,509,0
Week 7,Tonor,TD310+,235,0
Week 7,Tonor,TD510,55,0
Week 7,Tonor,TD510+,5,0
Week 7,Tonor,TM20,179,0
Week 7,Tonor,TM310,95,0
Week 7,Tonor,"TONOR
K1",16,0
Week 7,Tonor,"TONOR
ORCA001",10,0
Week 7,Tonor,TONORG11,10,0
Week 7,Tonor,TONORK20,0,0
Week 7,Tonor,TONORK9,0,0
Week 7,Tonor,TONORQ9,0,0
Week 7,Tonor,TONORS20,17,0
Week 7,Tonor,TONORT20,16,0
Week 7,Tonor,TONORT30,10,0
Week 7,Tonor,TONORTC-2030,11,0
Week 7,Tonor,TONORTC-777,370,0
Week 7,Tonor,TONORTC20,6,0
Week 7,Tonor,TONORTC30,311,0
Week 7,Tonor,TONORTC40,23,0
Week 7,Tonor,TONORTC40S,62,0
Week 7,Tonor,TONORTM20,2,0
Week 7,Tonor,TRL-20,16,0
Week 7,White Mulberry,6021-3081-BB,0,0
Week 7,White Mulberry,6023-1168,0,0
Week 7,White Mulberry,6023-210-SIOC,0,0
Week 7,White Mulberry,6023-4139-CB,0,0
Week 7,White Mulberry,6023-7664-SIOC,0,0
Week 7,White Mulberry,6023-8709-SIOC,0,0
Week 7,White Mulberry,6054-2364,0,0
Week 7,White Mulberry,6060-430,0,0
Week 7,White Mulberry,6070--1723,0,0
Week 7,White Mulberry,6070-3436,0,0
Week 7,White Mulberry,6320-150-SIOC,0,0
Week 7,White Mulberry,6486-1746-WHT,0,0
Week 7,White Mulberry,6705-3871-BLK-BB,0,0
Week 7,White Mulberry,6705-3945,0,0
Week 7,White Mulberry,6779-4414-SIOC,0,0
Week 7,White Mulberry,6779-4892,0,0
Week 7,White Mulberry,6780-3139-WHT-SIOC,0,0
Week 7,White Mulberry,6780-4679-WHT-SIOC,1,0
Week 7,White Mulberry,6822-150-SIOC,0,0
Week 7,White Mulberry,6822-167-SIOC,0,0
Week 7,White Mulberry,GS1ML,5,0
Week 7,White Mulberry,HD1ML,9,0
Week 7,White Mulberry,HDGS1ML,0,0
Week 7,White Mulberry,HDMSP1ML,3,0
Week 7,White Mulberry,HDWF1ML,483,0
Week 7,White Mulberry,MONITOR BRACKET,78,0
Week 7,White Mulberry,MS1ML,62,0
Week 7,White Mulberry,MS2ML,9,0
Week 7,White Mulberry,POS BRACKET,19,0
Week 7,White Mulberry,POS2M,1,0
Week 7,White Mulberry,POS2MK,20,0
Week 7,White Mulberry,POSS-01,113,0
Week 7,White Mulberry,SB-01,0,0
Week 7,White Mulberry,TV BRACKET,2599,0
Week 7,White Mulberry,TVCF1ML,88,0
Week 7,White Mulberry,TVCT1ML,100,0
Week 7,White Mulberry,TVFM1ML,76,0
Week 7,White Mulberry,TVMF1ML,181,0
Week 7,White Mulberry,VLMS1ML,448,0
Week 7,White Mulberry,"WHITEMULBERRYGAMINGDESK(CUPHOLDER,HEADPHONEHOLDER,CARBON",8,0
Week 7,White Mulberry,WM-CT03MA-100,0,0
Week 7,White Mulberry,WM-CT03MA-120,0,0
Week 7,White Mulberry,WM-CT03OA-100,0,0
Week 7,White Mulberry,WM-CT03OA-120,0,0
Week 7,White Mulberry,WM-DT02-BK,0,0
Week 7,White Mulberry,WM-GD07-CB,195,0
Week 7,White Mulberry,WM-GS1M-BK,122,0
Week 7,White Mulberry,WM-GS2M-BK,50,0
Week 7,White Mulberry,WM-HA1M-BK,761,0
Week 7,White Mulberry,WM-HA2M-BK,67,0
Week 7,White Mulberry,WM-LOD-BK,30,0
Week 7,White Mulberry,WM-LOD-CF,75,0
Week 7,White Mulberry,WM-LOD-IN,10,0
Week 7,White Mulberry,WM-LOD-WH,129,0
Week 7,White Mulberry,WM-LODJ-BK,0,0
Week 7,White Mulberry,WM-LODJ-CF,0,0
Week 7,White Mulberry,WM-LODJ-IN,0,0
Week 7,White Mulberry,WM-LODN-BK,8,0
Week 7,White Mulberry,WM-LODN-WH,4,0
Week 7,White Mulberry,WM-LWS-CF,0,0
Week 7,White Mulberry,WM-LWS-GR,0,0
Week 7,White Mulberry,WM-MD09-BK,0,0
Week 7,White Mulberry,WM-MDL-BK,49,0
Week 7,White Mulberry,WM-MDL-WH,44,0
Week 7,White Mulberry,WM-MH03-BK,0,0
Week 7,White Mulberry,WM-MH05P-BK,9,0
Week 7,White Mulberry,WM-MH05P-CF,1,0
Week 7,White Mulberry,WM-MH05P-WH,4,0
Week 7,White Mulberry,WM-MODL-BBW,2,0
Week 7,White Mulberry,WM-MODL-BK,4,0
Week 7,White Mulberry,WM-MODL-WH,111,0
Week 7,White Mulberry,WM-OD-CL,0,0
Week 7,White Mulberry,WM-SE08-BK,0,0
Week 7,White Mulberry,WM-SE08-CF,121,0
Week 7,White Mulberry,WM-SE08-WD,0,0
Week 7,White Mulberry,WM-SE08-WH,66,0
Week 7,White Mulberry,WM-SEH04P-BK,0,0
Week 7,White Mulberry,WM-SEH04P-CF,10,0
Week 7,White Mulberry,WM-SEH04P-WH,0,0
Week 7,White Mulberry,WM-SEH05P-BK,0,0
Week 7,White Mulberry,WM-SEH05P-CF,0,0
Week 7,White Mulberry,WM-SEH05P-WH,0,0
Week 7,White Mulberry,WM-SEH05R-BK,0,0
Week 7,White Mulberry,WM-SEH05R-WH,0,0
Week 7,White Mulberry,WM-SMD09-WH,15,0
Week 7,White Mulberry,WM-SWZ0021-BK,0,0
Week 7,White Mulberry,WM-USE06-BK,3,0
Week 7,White Mulberry,WM-USE06-WB,0,0
Week 7,White Mulberry,WM-USE06-WH,2,0
Week 7,White Mulberry,WM-USE06-WW,0,0
Week 7,White Mulberry,WM1ML,93,0
Week 8,Audio Array,A3-XLR,1050,0
Week 8,Audio Array,AA-01,493,0
Week 8,Audio Array,AA-02,1150,0
Week 8,Audio Array,AA-03,565,0
Week 8,Audio Array,AA-04,572,0
Week 8,Audio Array,AA-05,2154,0
Week 8,Audio Array,AA-06,222,0
Week 8,Audio Array,AA-07,3,0
Week 8,Audio Array,AA-08,1,0
Week 8,Audio Array,AA-09,2,0
Week 8,Audio Array,AA-10,3,0
Week 8,Audio Array,AA-11,0,0
Week 8,Audio Array,AA-12,7,0
Week 8,Audio Array,AA-13,0,0
Week 8,Audio Array,AA-14,1,0
Week 8,Audio Array,AA-15,0,0
Week 8,Audio Array,AA-17,1,0
Week 8,Audio Array,AA-18,4,0
Week 8,Audio Array,AA-19,417,0
Week 8,Audio Array,AA-19BL,176,0
Week 8,Audio Array,AA-19WL,246,0
Week 8,Audio Array,AA-20,491,0
Week 8,Audio Array,AA-21,460,0
Week 8,Audio Array,AA-22,298,0
Week 8,Audio Array,AA-25,851,0
Week 8,Audio Array,AA-25M,64,0
Week 8,Audio Array,AA-26,1074,0
Week 8,Audio Array,AB-01,6,0
Week 8,Audio Array,AC-3XL,1343,0
Week 8,Audio Array,AC-6XL,918,0
Week 8,Audio Array,AE831,20,0
Week 8,Audio Array,AH-40 SL,428,0
Week 8,Audio Array,AH-45 BK,957,0
Week 8,Audio Array,AH-50,3497,0
Week 8,Audio Array,AH-60 BL,538,0
Week 8,Audio Array,AH-60 RD,677,0
Week 8,Audio Array,AI-02,7,0
Week 8,Audio Array,AI-02 2X2| METALLIC RED,0,0
Week 8,Audio Array,AI-02BK,0,0
Week 8,Audio Array,AI-03,311,0
Week 8,Audio Array,AI-04,147,0
Week 8,Audio Array,AI-04 BLACK,1,0
Week 8,Audio Array,AI-04 RED,3227,0
Week 8,Audio Array,AI-04BK,0,0
Week 8,Audio Array,AI-05,0,0
Week 8,Audio Array,AI-06,145,0
Week 8,Audio Array,AI-08,1,0
Week 8,Audio Array,AI-09,3,0
Week 8,Audio Array,AI-10,1787,0
Week 8,Audio Array,AI-11,1406,0
Week 8,Audio Array,AI-12,1418,0
Week 8,Audio Array,AI-13,346,0
Week 8,Audio Array,AI-14,20,0
Week 8,Audio Array,AK-37-B,612,0
Week 8,Audio Array,AK-37-W,216,0
Week 8,Audio Array,AK-61 NEO,204,0
Week 8,Audio Array,AK-61 PRO,204,0
Week 8,Audio Array,AM-A1,3,0
Week 8,Audio Array,AM-C1,7521,0
Week 8,Audio Array,AM-C10,194,0
Week 8,Audio Array,AM-C11,16,0
Week 8,Audio Array,AM-C11 PRO,967,0
Week 8,Audio Array,AM-C11X,171,0
Week 8,Audio Array,AM-C11X PRO,40,0
Week 8,Audio Array,AM-C12,3,0
Week 8,Audio Array,AM-C13,38,0
Week 8,Audio Array,AM-C14,0,0
Week 8,Audio Array,AM-C15,4,0
Week 8,Audio Array,AM-C16,0,0
Week 8,Audio Array,AM-C17,6,0
Week 8,Audio Array,AM-C18,0,0
Week 8,Audio Array,AM-C19,0,0
Week 8,Audio Array,AM-C2,586,0
Week 8,Audio Array,AM-C20,20,0
Week 8,Audio Array,AM-C21,0,0
Week 8,Audio Array,AM-C22,3,0
Week 8,Audio Array,AM-C23,6,0
Week 8,Audio Array,AM-C24,1,0
Week 8,Audio Array,AM-C25,3,0
Week 8,Audio Array,AM-C26,0,0
Week 8,Audio Array,AM-C27,23,0
Week 8,Audio Array,AM-C28,1018,0
Week 8,Audio Array,AM-C29,14,0
Week 8,Audio Array,AM-C3,104,0
Week 8,Audio Array,AM-C30,23,0
Week 8,Audio Array,AM-C31,4,0
Week 8,Audio Array,AM-C32,12,0
Week 8,Audio Array,AM-C33,1,0
Week 8,Audio Array,AM-C33/P10,39,0
Week 8,Audio Array,AM-C34,2,0
Week 8,Audio Array,AM-C35,5,0
Week 8,Audio Array,AM-C36,8,0
Week 8,Audio Array,AM-C37,11,0
Week 8,Audio Array,AM-C38,8,0
Week 8,Audio Array,AM-C39,577,0
Week 8,Audio Array,AM-C3A,1021,0
Week 8,Audio Array,AM-C4,124,0
Week 8,Audio Array,AM-C40,32,0
Week 8,Audio Array,AM-C41,296,0
Week 8,Audio Array,AM-C42,196,0
Week 8,Audio Array,AM-C43,764,0
Week 8,Audio Array,AM-C44,284,0
Week 8,Audio Array,AM-C44 PRO,36,0
Week 8,Audio Array,AM-C45,165,0
Week 8,Audio Array,AM-C45 PRO,30,0
Week 8,Audio Array,AM-C46,2673,0
Week 8,Audio Array,AM-C47,765,0
Week 8,Audio Array,AM-C48,474,0
Week 8,Audio Array,AM-C49,500,0
Week 8,Audio Array,AM-C5,2214,0
Week 8,Audio Array,AM-C50,500,0
Week 8,Audio Array,AM-C51,500,0
Week 8,Audio Array,AM-C52,500,0
Week 8,Audio Array,AM-C6,72,0
Week 8,Audio Array,AM-C7,70,0
Week 8,Audio Array,AM-C8,0,0
Week 8,Audio Array,AM-C9,1,0
Week 8,Audio Array,AM-K1,43,0
Week 8,Audio Array,AM-K2,3,0
Week 8,Audio Array,AM-K3,0,0
Week 8,Audio Array,AM-MIX10,107,0
Week 8,Audio Array,AM-MIX4,0,0
Week 8,Audio Array,AM-MIX4 OTG,0,0
Week 8,Audio Array,AM-MIX6,125,0
Week 8,Audio Array,AM-MIX8,15,0
Week 8,Audio Array,AM-PRO12,18,0
Week 8,Audio Array,AM-PRO16,10,0
Week 8,Audio Array,AM-PRO24,10,0
Week 8,Audio Array,AM-S1,2363,0
Week 8,Audio Array,AM-S2,2000,0
Week 8,Audio Array,AM-W10,502,0
Week 8,Audio Array,AM-W11,508,0
Week 8,Audio Array,AM-W12,623,0
Week 8,Audio Array,AM-W13,423,0
Week 8,Audio Array,AM-W14,539,0
Week 8,Audio Array,AM-W15,9,0
Week 8,Audio Array,AM-W16,327,0
Week 8,Audio Array,AM-W17,1662,0
Week 8,Audio Array,AM-W18,2262,0
Week 8,Audio Array,AM-W19,598,0
Week 8,Audio Array,AM-W20,229,0
Week 8,Audio Array,AM-W21,67,0
Week 8,Audio Array,AM-W22,1363,0
Week 8,Audio Array,AM-W23,472,0
Week 8,Audio Array,AM-W24,457,0
Week 8,Audio Array,AM-W32,1441,0
Week 8,Audio Array,AM-W32 PRO,100,0
Week 8,Audio Array,AM-W33,954,0
Week 8,Audio Array,AM-W33 PRO,200,0
Week 8,Audio Array,AM-W34,212,0
Week 8,Audio Array,AM-W35,297,0
Week 8,Audio Array,AM-W36,175,0
Week 8,Audio Array,AM-W36 PRO,100,0
Week 8,Audio Array,AM-W38,0,0
Week 8,Audio Array,AM-W42,0,0
Week 8,Audio Array,AM-W44,0,0
Week 8,Audio Array,AM-W45,894,0
Week 8,Audio Array,AM-W46,31,0
Week 8,Audio Array,AM-W47 WIRED,948,0
Week 8,Audio Array,AM-W47 WIRELESS,98,0
Week 8,Audio Array,AM-W47 WIRLESS,371,0
Week 8,Audio Array,AM-W48,50,0
Week 8,Audio Array,AM-W48/AM-S6,50,0
Week 8,Audio Array,AS-01,1,0
Week 8,Audio Array,DP-718H,20,0
Week 8,Audio Array,GB-01 (AM-C43 +AI-10),22,0
Week 8,Audio Array,GB-02 (AM-C43 + AI-11),16,0
Week 8,Audio Array,GB-03 (AI-12 + AM-C43),21,0
Week 8,Audio Array,GB-04 (AM-C45 + AI-06),20,0
Week 8,Audio Array,GB-05 (AM-C43 + AI-06),45,0
Week 8,Audio Array,"JT-01, BM 320 PRO",20,0
Week 8,Audio Array,JTG800,40,0
Week 8,Audio Array,KB-01 (AM-W32 + AI-12),22,0
Week 8,Audio Array,M8,113,0
Week 8,Audio Array,MT-12,120,0
Week 8,Audio Array,PB-01 (AM-C11 + AI-04),21,0
Week 8,Audio Array,PB-02 (AI-04 RED + AM-C11 + AA-05),24,0
Week 8,Audio Array,PB-03 (AI-04 RED + AM-C11 X 2),2,0
Week 8,Audio Array,PB-04 (AI-04 RED + AM-C44 X 2),27,0
Week 8,Audio Array,PB-05 (AA-05 + AM-C11 + AI-04),7,0
Week 8,Audio Array,PB-06 (AA-05 + AM-C44 + AI-04),27,0
Week 8,Audio Array,PB-07 (AA-05 + AM-C45 + AI-04),23,0
Week 8,Audio Array,PB-08 (AM-C1 + AI-04),4,0
Week 8,Audio Array,PB-09 (AM-C45 + AI-06 + AA-05),23,0
Week 8,Audio Array,PB-10 (AM-C2+AI-04+AH-60-BL),0,0
Week 8,Audio Array,PB-11 (AM-C44+AA-05+AH-45-BK),13,0
Week 8,Audio Array,PB-12 (AM-C11+AA-05+AI-04+AH-60-RD),8,0
Week 8,Audio Array,PB-13 (AM-C43+AH-40-SL+AI-11),0,0
Week 8,Audio Array,PB-14 (AM-C43+AH-40-SL+AI-12),15,0
Week 8,Audio Array,SB-01,2648,0
Week 8,Audio Array,T-835,40,0
Week 8,Audio Array,"UB-01 (AI-04, AM-S1, AA-21, AM-C2)",17,0
Week 8,Audio Array,UB-02 (AM-S1 + AA-21),19,0
Week 8,Audio Array,UB-03 (AM-S1 + AA-22),22,0
Week 8,Audio Array,USB718,20,0
Week 8,Audio Array,W3,20,0
Week 8,Audio Array,W5,20,0
Week 8,Audio Array,XM-16,10,0
Week 8,Audio Array,XM-24,10,0
Week 8,Nexlev,AP-01,67,0
Week 8,Nexlev,AP-02,2,0
Week 8,Nexlev,AP-03,907,0
Week 8,Nexlev,AP-04,500,0
Week 8,Nexlev,BM-01,0,0
Week 8,Nexlev,BM-02,301,0
Week 8,Nexlev,BM-03,1,0
Week 8,Nexlev,BR-01,649,0
Week 8,Nexlev,CAP-05,500,0
Week 8,Nexlev,CF-01,99,0
Week 8,Nexlev,CFM-01,888,0
Week 8,Nexlev,CFM-02,26,0
Week 8,Nexlev,CFM-03,291,0
Week 8,Nexlev,CM-01-BL,183,0
Week 8,Nexlev,CM-02,30,0
Week 8,Nexlev,CM-02-PR,1225,0
Week 8,Nexlev,CR-01,832,0
Week 8,Nexlev,DF-01-BK,10,0
Week 8,Nexlev,DH-01,198,0
Week 8,Nexlev,EA-01,1272,0
Week 8,Nexlev,EA-02,659,0
Week 8,Nexlev,EM-01,1,0
Week 8,Nexlev,EM-02,21,0
Week 8,Nexlev,ET-01-BK,1089,0
Week 8,Nexlev,ET-01-BK_N,345,0
Week 8,Nexlev,ET-02-GN,200,0
Week 8,Nexlev,ET-02-GN_N,262,0
Week 8,Nexlev,ET-03-BL,41,0
Week 8,Nexlev,ET-03-BL_N,0,0
Week 8,Nexlev,ET-05-PI,30,0
Week 8,Nexlev,ETC-04,100,0
Week 8,Nexlev,ETC-04-WH,1282,0
Week 8,Nexlev,ETC-05-PI,158,0
Week 8,Nexlev,ETC-07,2686,0
Week 8,Nexlev,ETC-07-WH,137,0
Week 8,Nexlev,ETC-08,98,0
Week 8,Nexlev,ETC-08 - BLUE,1038,0
Week 8,Nexlev,ETC-08-BL,188,0
Week 8,Nexlev,ETR-06,148,0
Week 8,Nexlev,FM-01,1,0
Week 8,Nexlev,FM-02,1,0
Week 8,Nexlev,FS-01,3258,0
Week 8,Nexlev,GS-01,4,0
Week 8,Nexlev,GS-02,1322,0
Week 8,Nexlev,GS-04,49,0
Week 8,Nexlev,GS-05,1270,0
Week 8,Nexlev,HB-01,47,0
Week 8,Nexlev,HD-01,1372,0
Week 8,Nexlev,HD-02,1223,0
Week 8,Nexlev,HM-01,761,0
Week 8,Nexlev,HM-02,215,0
Week 8,Nexlev,HS-01,527,0
Week 8,Nexlev,HS-02,123,0
Week 8,Nexlev,HSB-03,1771,0
Week 8,Nexlev,HSB-04,1504,0
Week 8,Nexlev,HU-01,64,0
Week 8,Nexlev,HU-02,1178,0
Week 8,Nexlev,IPL-01,40,0
Week 8,Nexlev,KE-01,673,0
Week 8,Nexlev,KE-02,419,0
Week 8,Nexlev,KE-03,1484,0
Week 8,Nexlev,KM-01,126,0
Week 8,Nexlev,LE-01,208,0
Week 8,Nexlev,LE-02,1304,0
Week 8,Nexlev,LE-03,236,0
Week 8,Nexlev,LE-04,634,0
Week 8,Nexlev,LE-06,12,0
Week 8,Nexlev,LE-07,2,0
Week 8,Nexlev,LE-08,33,0
Week 8,Nexlev,LR-01,655,0
Week 8,Nexlev,LR-01 SET OF 2 BLADES,10,0
Week 8,Nexlev,LR-02,1236,0
Week 8,Nexlev,LR-02 SET OF 2 BLADES,10,0
Week 8,Nexlev,LR-03,6888,0
Week 8,Nexlev,MC-01,1532,0
Week 8,Nexlev,MF-01,1944,0
Week 8,Nexlev,MG-01,204,0
Week 8,Nexlev,MGC-03,94,0
Week 8,Nexlev,MGS-02,63,0
Week 8,Nexlev,MM-01,0,0
Week 8,Nexlev,MR-01,1706,0
Week 8,Nexlev,MR-02,924,0
Week 8,Nexlev,MR-02 HEPA FILTER,5,0
Week 8,Nexlev,MR-03,504,0
Week 8,Nexlev,NP-01,595,0
Week 8,Nexlev,NP-02,761,0
Week 8,Nexlev,NP-03,582,0
Week 8,Nexlev,NP-04,0,0
Week 8,Nexlev,NP-05,43,0
Week 8,Nexlev,NP-06,237,0
Week 8,Nexlev,NP-07,281,0
Week 8,Nexlev,PB-01,831,0
Week 8,Nexlev,PM-01,6,0
Week 8,Nexlev,PM-02,53,0
Week 8,Nexlev,SC-01,1892,0
Week 8,Nexlev,SC-01 SET OF SPARES,10,0
Week 8,Nexlev,SC-02,16,0
Week 8,Nexlev,SC-02 SET OF SPARES,0,0
Week 8,Nexlev,SC-03,102,0
Week 8,Nexlev,SC-04,2970,0
Week 8,Nexlev,SC-04 SET OF 2 MOPS,10,0
Week 8,Nexlev,SC-04 SPARE SET,10,0
Week 8,Nexlev,SC-05,3652,0
Week 8,Nexlev,SC-05 SC-05 - SET OF SPARES,7,0
Week 8,Nexlev,SM-01,488,0
Week 8,Nexlev,SM-01 SET OF 2 MOPS,5,0
Week 8,Nexlev,SP-01,500,0
Week 8,Nexlev,SPM-01,438,0
Week 8,Nexlev,SPM-01 SET OF 2 MOPS,15,0
Week 8,Nexlev,SPM-01(NEW),0,0
Week 8,Nexlev,SS-01,135,0
Week 8,Nexlev,SS-01(NEW),58,0
Week 8,Nexlev,SS-02,892,0
Week 8,Nexlev,SS-02 SET OF SPARES,10,0
Week 8,Nexlev,ST-01,591,0
Week 8,Nexlev,ST-01 ST-01 SET OF HOOKS,5,0
Week 8,Nexlev,ST-02,200,0
Week 8,Nexlev,ST-03,100,0
Week 8,Nexlev,SW-01,607,0
Week 8,Nexlev,T-01,73,0
Week 8,Nexlev,T-02,1325,0
Week 8,Nexlev,TI-01,121,0
Week 8,Nexlev,TI-02,784,0
Week 8,Nexlev,TIC-03,29,0
Week 8,Nexlev,TIC-04,31,0
Week 8,Nexlev,TM-01,513,0
Week 8,Nexlev,TM-02,296,0
Week 8,Nexlev,TM-03,1031,0
Week 8,Nexlev,TM-04,11,0
Week 8,Nexlev,TM-05,43,0
Week 8,Nexlev,TR-01,0,0
Week 8,Nexlev,TR-02,0,0
Week 8,Nexlev,TR-03,0,0
Week 8,Nexlev,TR-04,0,0
Week 8,Nexlev,TR-05,66,0
Week 8,Nexlev,V-01,624,0
Week 8,Nexlev,V-01 BLACK,54,0
Week 8,Nexlev,V-01 RG,1378,0
Week 8,Nexlev,V-02,688,0
Week 8,Nexlev,V-03,3220,0
Week 8,Nexlev,VC-01,2395,0
Week 8,Nexlev,VC-01 HEPA,10,0
Week 8,Nexlev,VC-02,1076,0
Week 8,Nexlev,VC-02 HEPA,0,0
Week 8,Nexlev,VC-03,731,0
Week 8,Nexlev,VC-04,542,0
Week 8,Nexlev,VC-05,761,0
Week 8,Nexlev,"VC-05 VC-05 -SET OF SPARES(CREVICE, BRUSH & HOSE)",5,0
Week 8,Nexlev,VC-06,637,0
Week 8,Nexlev,WF-02-BL,34,0
Week 8,Tonor,D2,0,0
Week 8,Tonor,D5,2,0
Week 8,Tonor,G11,20,0
Week 8,Tonor,K1,88,0
Week 8,Tonor,K20,0,0
Week 8,Tonor,K9,0,0
Week 8,Tonor,ORCA001,17,0
Week 8,Tonor,Q9,0,0
Week 8,Tonor,S20,71,0
Week 8,Tonor,T10,12,0
Week 8,Tonor,T20,71,0
Week 8,Tonor,T20LP,69,0
Week 8,Tonor,T30,17,0
Week 8,Tonor,T90,8,0
Week 8,Tonor,TC-2030,10,0
Week 8,Tonor,TC-777,455,0
Week 8,Tonor,TC-777 PRO,492,0
Week 8,Tonor,TC20,10,0
Week 8,Tonor,TC30,379,0
Week 8,Tonor,TC30+,11,0
Week 8,Tonor,TC30S,50,0
Week 8,Tonor,TC30S+,20,0
Week 8,Tonor,TC310,71,0
Week 8,Tonor,TC310+,231,0
Week 8,Tonor,TC40,28,0
Week 8,Tonor,TC40S,85,0
Week 8,Tonor,TD310,507,0
Week 8,Tonor,TD310+,203,0
Week 8,Tonor,TD510,52,0
Week 8,Tonor,TD510+,5,0
Week 8,Tonor,TM20,29,0
Week 8,Tonor,TM310,93,0
Week 8,Tonor,"TONOR
K1",1026,0
Week 8,Tonor,TONORG11,240,0
Week 8,Tonor,TONORS20,204,0
Week 8,Tonor,TONORTC-2030,80,0
Week 8,Tonor,TONORTM20,150,0
Week 8,Tonor,TRL-20,16,0
Week 8,White Mulberry,6021-3081-BB,0,0
Week 8,White Mulberry,6023-1168,0,0
Week 8,White Mulberry,6023-210-SIOC,0,0
Week 8,White Mulberry,6023-4139-CB,0,0
Week 8,White Mulberry,6023-7664-SIOC,0,0
Week 8,White Mulberry,6023-8709-SIOC,0,0
Week 8,White Mulberry,6054-2364,0,0
Week 8,White Mulberry,6060-430,0,0
Week 8,White Mulberry,6070--1723,0,0
Week 8,White Mulberry,6070-3436,0,0
Week 8,White Mulberry,6320-150-SIOC,0,0
Week 8,White Mulberry,6486-1746-WHT,0,0
Week 8,White Mulberry,6705-3871-BLK-BB,0,0
Week 8,White Mulberry,6705-3945,0,0
Week 8,White Mulberry,6779-4414-SIOC,0,0
Week 8,White Mulberry,6779-4892,0,0
Week 8,White Mulberry,6780-3139-WHT-SIOC,0,0
Week 8,White Mulberry,6780-4679-WHT-SIOC,1,0
Week 8,White Mulberry,6822-150-SIOC,0,0
Week 8,White Mulberry,6822-167-SIOC,0,0
Week 8,White Mulberry,GS1ML,5,0
Week 8,White Mulberry,HD1ML,10,0
Week 8,White Mulberry,HDGS1ML,16,0
Week 8,White Mulberry,HDMSP1ML,16,0
Week 8,White Mulberry,HDWF1ML,458,0
Week 8,White Mulberry,MS1ML,43,0
Week 8,White Mulberry,MS2ML,9,0
Week 8,White Mulberry,POS BRACKET,139,0
Week 8,White Mulberry,POS2M,29,0
Week 8,White Mulberry,POS2MK,19,0
Week 8,White Mulberry,POSS-01,196,0
Week 8,White Mulberry,TVCF1ML,828,0
Week 8,White Mulberry,TVCT1ML,437,0
Week 8,White Mulberry,TVFM1ML,797,0
Week 8,White Mulberry,TVLF1ML,745,0
Week 8,White Mulberry,TVMF1ML,1237,0
Week 8,White Mulberry,VLMS1ML,436,0
Week 8,White Mulberry,WM-CT03MA-100,0,0
Week 8,White Mulberry,WM-CT03MA-120,0,0
Week 8,White Mulberry,WM-CT03OA-100,0,0
Week 8,White Mulberry,WM-CT03OA-120,0,0
Week 8,White Mulberry,WM-DT02-BK,0,0
Week 8,White Mulberry,WM-GD07-CB,162,0
Week 8,White Mulberry,WM-GS1M-BK,1086,0
Week 8,White Mulberry,WM-GS2M-BK,545,0
Week 8,White Mulberry,WM-HA1M-BK,756,0
Week 8,White Mulberry,WM-HA2M-BK,562,0
Week 8,White Mulberry,WM-LOD-BK,28,0
Week 8,White Mulberry,WM-LOD-CF,60,0
Week 8,White Mulberry,WM-LOD-IN,9,0
Week 8,White Mulberry,WM-LOD-WH,127,0
Week 8,White Mulberry,WM-LODJ-BK,0,0
Week 8,White Mulberry,WM-LODJ-CF,0,0
Week 8,White Mulberry,WM-LODJ-IN,0,0
Week 8,White Mulberry,WM-LODN-BK,3,0
Week 8,White Mulberry,WM-LODN-WH,4,0
Week 8,White Mulberry,WM-LWS-CF,0,0
Week 8,White Mulberry,WM-LWS-GR,0,0
Week 8,White Mulberry,WM-MD09-BK,0,0
Week 8,White Mulberry,WM-MDL-BK,44,0
Week 8,White Mulberry,WM-MDL-WH,43,0
Week 8,White Mulberry,WM-MH03-BK,0,0
Week 8,White Mulberry,WM-MH05P-BK,9,0
Week 8,White Mulberry,WM-MH05P-CF,1,0
Week 8,White Mulberry,WM-MH05P-WH,4,0
Week 8,White Mulberry,WM-MODL-BBW,1,0
Week 8,White Mulberry,WM-MODL-BK,4,0
Week 8,White Mulberry,WM-MODL-WH,109,0
Week 8,White Mulberry,WM-OD-CL,0,0
Week 8,White Mulberry,WM-SE08-BK,0,0
Week 8,White Mulberry,WM-SE08-CF,117,0
Week 8,White Mulberry,WM-SE08-WD,0,0
Week 8,White Mulberry,WM-SE08-WH,13,0
Week 8,White Mulberry,WM-SEH04P-BK,0,0
Week 8,White Mulberry,WM-SEH04P-CF,6,0
Week 8,White Mulberry,WM-SEH04P-WH,0,0
Week 8,White Mulberry,WM-SEH05P-BK,0,0
Week 8,White Mulberry,WM-SEH05P-CF,0,0
Week 8,White Mulberry,WM-SEH05P-WH,0,0
Week 8,White Mulberry,WM-SEH05R-BK,0,0
Week 8,White Mulberry,WM-SEH05R-WH,0,0
Week 8,White Mulberry,WM-SMD09-WH,15,0
Week 8,White Mulberry,WM-SWZ0021-BK,0,0
Week 8,White Mulberry,WM-USE06-BK,3,0
Week 8,White Mulberry,WM-USE06-WB,0,0
Week 8,White Mulberry,WM-USE06-WH,1,0
Week 8,White Mulberry,WM-USE06-WW,0,0
Week 8,White Mulberry,WM1ML,881,0
